worker_id,src,dest,wall_ms,timestamp,send_ms,chunk_id,task_id
8190b41a-a59f-4f,https://ef88e61230a7f9cdaa979b6268878856.r2.cloudflarestorage.com/beam-xfer-test/source/ecx_20_b_gb.bin,https://ef88e61230a7f9cdaa979b6268878856.r2.cloudflarestorage.com/beam-xfer-test/destinations/backup2/studio/100gib-20gib-source-20260719023016-d3.bin,926.7,2026-07-26 04:49:18.624,926.7,118,eb56e544-b055-43
acf033ca-eeaf-42,https://ef88e61230a7f9cdaa979b6268878856.r2.cloudflarestorage.com/beam-xfer-test/source/ecx_20_b_gb.bin,https://ef88e61230a7f9cdaa979b6268878856.r2.cloudflarestorage.com/beam-xfer-test/destinations/backup2/studio/100gib-20gib-source-20260719023016-d3.bin,974.9,2026-07-26 04:49:18.669,974.9,344,08ed394f-ffe7-48
acf033ca-eeaf-42,https://ef88e61230a7f9cdaa979b6268878856.r2.cloudflarestorage.com/beam-xfer-test/source/ecx_20_b_gb.bin,https://ef88e61230a7f9cdaa979b6268878856.r2.cloudflarestorage.com/beam-xfer-test/destinations/primary/studio/100gib-20gib-source-20260719023016-d1.bin,997.6,2026-07-26 04:49:18.696,997.6,140,20545124-75da-41
bfae6c43-fd63-4f,https://ef88e61230a7f9cdaa979b6268878856.r2.cloudflarestorage.com/beam-xfer-test/source/ecx_20_b_gb.bin,https://ef88e61230a7f9cdaa979b6268878856.r2.cloudflarestorage.com/beam-xfer-test/destinations/backup8/studio/100gib-20gib-source-20260719023016-d5.bin,1060.6,2026-07-26 04:49:18.752,1060.6,82,22f17131-a071-4d
82d96ebc-b209-4a,https://ef88e61230a7f9cdaa979b6268878856.r2.cloudflarestorage.com/beam-xfer-test/source/ecx_20_b_gb.bin,https://ef88e61230a7f9cdaa979b6268878856.r2.cloudflarestorage.com/beam-xfer-test/destinations/backup/studio/100gib-20gib-source-20260719023016-d2.bin,1077.3,2026-07-26 04:49:18.772,1077.3,9,d214110b-5c93-49
f6ba0149-0007-4c,https://ef88e61230a7f9cdaa979b6268878856.r2.cloudflarestorage.com/beam-xfer-test/source/ecx_20_b_gb.bin,https://ef88e61230a7f9cdaa979b6268878856.r2.cloudflarestorage.com/beam-xfer-test/destinations/backup3/studio/100gib-20gib-source-20260719023016-d4.bin,1077.6,2026-07-26 04:49:18.774,1077.6,307,3d27b67f-5cce-43
34aeda10-164d-42,https://ef88e61230a7f9cdaa979b6268878856.r2.cloudflarestorage.com/beam-xfer-test/source/ecx_20_b_gb.bin,https://ef88e61230a7f9cdaa979b6268878856.r2.cloudflarestorage.com/beam-xfer-test/destinations/backup8/studio/100gib-20gib-source-20260719023016-d5.bin,1084.0,2026-07-26 04:49:18.778,1084.0,212,be0606b6-9f38-45
44771ea8-f706-4c,https://ef88e61230a7f9cdaa979b6268878856.r2.cloudflarestorage.com/beam-xfer-test/source/ecx_20_b_gb.bin,https://ef88e61230a7f9cdaa979b6268878856.r2.cloudflarestorage.com/beam-xfer-test/destinations/backup3/studio/100gib-20gib-source-20260719023016-d4.bin,1216.5,2026-07-26 04:49:18.906,1216.5,161,ec76a477-0743-44
8190b41a-a59f-4f,https://ef88e61230a7f9cdaa979b6268878856.r2.cloudflarestorage.com/beam-xfer-test/source/ecx_20_b_gb.bin,https://ef88e61230a7f9cdaa979b6268878856.r2.cloudflarestorage.com/beam-xfer-test/destinations/backup/studio/100gib-20gib-source-20260719023016-d2.bin,1240.2,2026-07-26 04:49:18.935,1240.2,79,29d57d93-8e6c-48
bfae6c43-fd63-4f,https://ef88e61230a7f9cdaa979b6268878856.r2.cloudflarestorage.com/beam-xfer-test/source/ecx_20_b_gb.bin,https://ef88e61230a7f9cdaa979b6268878856.r2.cloudflarestorage.com/beam-xfer-test/destinations/backup2/studio/100gib-20gib-source-20260719023016-d3.bin,1244.6,2026-07-26 04:49:18.940,1244.6,48,4bf6b7bc-68a3-4a
b1b3ec5c-bc63-4d,https://ef88e61230a7f9cdaa979b6268878856.r2.cloudflarestorage.com/beam-xfer-test/source/ecx_20_b_gb.bin,https://ef88e61230a7f9cdaa979b6268878856.r2.cloudflarestorage.com/beam-xfer-test/destinations/backup3/studio/100gib-20gib-source-20260719023016-d4.bin,1423.1,2026-07-26 04:49:19.115,1423.1,217,76d31222-a068-40
f6ba0149-0007-4c,https://ef88e61230a7f9cdaa979b6268878856.r2.cloudflarestorage.com/beam-xfer-test/source/ecx_20_b_gb.bin,https://ef88e61230a7f9cdaa979b6268878856.r2.cloudflarestorage.com/beam-xfer-test/destinations/backup/studio/100gib-20gib-source-20260719023016-d2.bin,1427.0,2026-07-26 04:49:19.118,1427.0,335,cae445fe-1284-4b
55775009-8267-4e,https://ef88e61230a7f9cdaa979b6268878856.r2.cloudflarestorage.com/beam-xfer-test/source/ecx_20_b_gb.bin,https://ef88e61230a7f9cdaa979b6268878856.r2.cloudflarestorage.com/beam-xfer-test/destinations/backup/studio/100gib-20gib-source-20260719023016-d2.bin,1434.5,2026-07-26 04:49:19.126,1434.5,293,40707ba8-b97f-48
acf033ca-eeaf-42,https://ef88e61230a7f9cdaa979b6268878856.r2.cloudflarestorage.com/beam-xfer-test/source/ecx_20_b_gb.bin,https://ef88e61230a7f9cdaa979b6268878856.r2.cloudflarestorage.com/beam-xfer-test/destinations/backup8/studio/100gib-20gib-source-20260719023016-d5.bin,1456.1,2026-07-26 04:49:19.153,1456.1,334,e7356db3-4934-40
eeb803e6-5d13-4f,https://ef88e61230a7f9cdaa979b6268878856.r2.cloudflarestorage.com/beam-xfer-test/source/ecx_20_b_gb.bin,https://ef88e61230a7f9cdaa979b6268878856.r2.cloudflarestorage.com/beam-xfer-test/destinations/backup2/studio/100gib-20gib-source-20260719023016-d3.bin,1469.6,2026-07-26 04:49:19.166,1469.6,224,38efe669-9c4e-4f
8190b41a-a59f-4f,https://ef88e61230a7f9cdaa979b6268878856.r2.cloudflarestorage.com/beam-xfer-test/source/ecx_20_b_gb.bin,https://ef88e61230a7f9cdaa979b6268878856.r2.cloudflarestorage.com/beam-xfer-test/destinations/backup8/studio/100gib-20gib-source-20260719023016-d5.bin,1764.7,2026-07-26 04:49:19.453,1764.7,321,23c53fed-8c41-40
bfae6c43-fd63-4f,https://ef88e61230a7f9cdaa979b6268878856.r2.cloudflarestorage.com/beam-xfer-test/source/ecx_20_b_gb.bin,https://ef88e61230a7f9cdaa979b6268878856.r2.cloudflarestorage.com/beam-xfer-test/destinations/backup2/studio/100gib-20gib-source-20260719023016-d3.bin,1101.3,2026-07-26 04:49:19.719,1101.3,495,8d0e7cb9-ceda-42
8190b41a-a59f-4f,https://ef88e61230a7f9cdaa979b6268878856.r2.cloudflarestorage.com/beam-xfer-test/source/ecx_20_b_gb.bin,https://ef88e61230a7f9cdaa979b6268878856.r2.cloudflarestorage.com/beam-xfer-test/destinations/backup3/studio/100gib-20gib-source-20260719023016-d4.bin,1122.2,2026-07-26 04:49:19.741,1122.2,468,bd1c3205-d8d4-4d
0bbd98ce-9c9a-4f,https://ef88e61230a7f9cdaa979b6268878856.r2.cloudflarestorage.com/beam-xfer-test/source/ecx_20_b_gb.bin,https://ef88e61230a7f9cdaa979b6268878856.r2.cloudflarestorage.com/beam-xfer-test/destinations/primary/studio/100gib-20gib-source-20260719023016-d1.bin,2295.6,2026-07-26 04:49:19.985,2295.6,94,15423658-9891-49
f6ba0149-0007-4c,https://ef88e61230a7f9cdaa979b6268878856.r2.cloudflarestorage.com/beam-xfer-test/source/ecx_20_b_gb.bin,https://ef88e61230a7f9cdaa979b6268878856.r2.cloudflarestorage.com/beam-xfer-test/destinations/backup3/studio/100gib-20gib-source-20260719023016-d4.bin,1420.5,2026-07-26 04:49:20.039,1420.5,483,073e2e09-5b8b-4d
acb95b61-bfaa-47,https://ef88e61230a7f9cdaa979b6268878856.r2.cloudflarestorage.com/beam-xfer-test/source/ecx_20_b_gb.bin,https://ef88e61230a7f9cdaa979b6268878856.r2.cloudflarestorage.com/beam-xfer-test/destinations/primary/studio/100gib-20gib-source-20260719023016-d1.bin,2508.9,2026-07-26 04:49:20.200,2508.9,245,3ec41494-9abe-48
acf033ca-eeaf-42,https://ef88e61230a7f9cdaa979b6268878856.r2.cloudflarestorage.com/beam-xfer-test/source/ecx_20_b_gb.bin,https://ef88e61230a7f9cdaa979b6268878856.r2.cloudflarestorage.com/beam-xfer-test/destinations/backup/studio/100gib-20gib-source-20260719023016-d2.bin,1586.8,2026-07-26 04:49:20.206,1586.8,446,c7aedc9a-8874-49
eeb803e6-5d13-4f,https://ef88e61230a7f9cdaa979b6268878856.r2.cloudflarestorage.com/beam-xfer-test/source/ecx_20_b_gb.bin,https://ef88e61230a7f9cdaa979b6268878856.r2.cloudflarestorage.com/beam-xfer-test/destinations/backup/studio/100gib-20gib-source-20260719023016-d2.bin,2977.1,2026-07-26 04:49:20.671,2977.1,249,63ad731c-6596-4c
7abd699c-e2a0-45,https://ef88e61230a7f9cdaa979b6268878856.r2.cloudflarestorage.com/beam-xfer-test/source/ecx_20_b_gb.bin,https://ef88e61230a7f9cdaa979b6268878856.r2.cloudflarestorage.com/beam-xfer-test/destinations/backup8/studio/100gib-20gib-source-20260719023016-d5.bin,3289.7,2026-07-26 04:49:20.980,3289.7,208,b2ae1b24-adf2-42
bfae6c43-fd63-4f,https://ef88e61230a7f9cdaa979b6268878856.r2.cloudflarestorage.com/beam-xfer-test/source/ecx_20_b_gb.bin,https://ef88e61230a7f9cdaa979b6268878856.r2.cloudflarestorage.com/beam-xfer-test/destinations/backup/studio/100gib-20gib-source-20260719023016-d2.bin,1089.5,2026-07-26 05:19:20.680,1089.5,398,5d03e140-4bad-4e
44771ea8-f706-4c,https://ef88e61230a7f9cdaa979b6268878856.r2.cloudflarestorage.com/beam-xfer-test/source/ecx_20_b_gb.bin,https://ef88e61230a7f9cdaa979b6268878856.r2.cloudflarestorage.com/beam-xfer-test/destinations/backup8/studio/100gib-20gib-source-20260719023016-d5.bin,1210.8,2026-07-26 05:19:20.798,1210.8,243,264ddadc-67ea-4f
eeb803e6-5d13-4f,https://ef88e61230a7f9cdaa979b6268878856.r2.cloudflarestorage.com/beam-xfer-test/source/ecx_20_b_gb.bin,https://ef88e61230a7f9cdaa979b6268878856.r2.cloudflarestorage.com/beam-xfer-test/destinations/backup/studio/100gib-20gib-source-20260719023016-d2.bin,1272.6,2026-07-26 05:19:20.862,1272.6,273,6be7f841-3781-42
acf033ca-eeaf-42,https://ef88e61230a7f9cdaa979b6268878856.r2.cloudflarestorage.com/beam-xfer-test/source/ecx_20_b_gb.bin,https://ef88e61230a7f9cdaa979b6268878856.r2.cloudflarestorage.com/beam-xfer-test/destinations/primary/studio/100gib-20gib-source-20260719023016-d1.bin,1332.9,2026-07-26 05:19:20.925,1332.9,273,f9371d5a-8759-47
acf033ca-eeaf-42,https://ef88e61230a7f9cdaa979b6268878856.r2.cloudflarestorage.com/beam-xfer-test/source/ecx_20_b_gb.bin,https://ef88e61230a7f9cdaa979b6268878856.r2.cloudflarestorage.com/beam-xfer-test/destinations/backup/studio/100gib-20gib-source-20260719023016-d2.bin,1379.5,2026-07-26 05:19:20.966,1379.5,254,fa0d30bd-bafa-4d
7abd699c-e2a0-45,https://ef88e61230a7f9cdaa979b6268878856.r2.cloudflarestorage.com/beam-xfer-test/source/ecx_20_b_gb.bin,https://ef88e61230a7f9cdaa979b6268878856.r2.cloudflarestorage.com/beam-xfer-test/destinations/backup3/studio/100gib-20gib-source-20260719023016-d4.bin,1474.4,2026-07-26 05:19:21.065,1474.4,70,25cae660-3c1e-4c
b1b3ec5c-bc63-4d,https://ef88e61230a7f9cdaa979b6268878856.r2.cloudflarestorage.com/beam-xfer-test/source/ecx_20_b_gb.bin,https://ef88e61230a7f9cdaa979b6268878856.r2.cloudflarestorage.com/beam-xfer-test/destinations/backup8/studio/100gib-20gib-source-20260719023016-d5.bin,1503.1,2026-07-26 05:19:21.091,1503.1,355,63917828-3f12-4f
bfae6c43-fd63-4f,https://ef88e61230a7f9cdaa979b6268878856.r2.cloudflarestorage.com/beam-xfer-test/source/ecx_20_b_gb.bin,https://ef88e61230a7f9cdaa979b6268878856.r2.cloudflarestorage.com/beam-xfer-test/destinations/primary/studio/100gib-20gib-source-20260719023016-d1.bin,1653.5,2026-07-26 05:19:21.246,1653.5,16,606524fb-be4c-47
acf033ca-eeaf-42,https://ef88e61230a7f9cdaa979b6268878856.r2.cloudflarestorage.com/beam-xfer-test/source/ecx_20_b_gb.bin,https://ef88e61230a7f9cdaa979b6268878856.r2.cloudflarestorage.com/beam-xfer-test/destinations/backup3/studio/100gib-20gib-source-20260719023016-d4.bin,951.6,2026-07-26 05:19:21.310,951.6,453,af39e4a0-703c-42
34aeda10-164d-42,https://ef88e61230a7f9cdaa979b6268878856.r2.cloudflarestorage.com/beam-xfer-test/source/ecx_20_b_gb.bin,https://ef88e61230a7f9cdaa979b6268878856.r2.cloudflarestorage.com/beam-xfer-test/destinations/primary/studio/100gib-20gib-source-20260719023016-d1.bin,1763.8,2026-07-26 05:19:21.350,1763.8,244,5626c72c-8a0a-49
bfae6c43-fd63-4f,https://ef88e61230a7f9cdaa979b6268878856.r2.cloudflarestorage.com/beam-xfer-test/source/ecx_20_b_gb.bin,https://ef88e61230a7f9cdaa979b6268878856.r2.cloudflarestorage.com/beam-xfer-test/destinations/backup/studio/100gib-20gib-source-20260719023016-d2.bin,1019.3,2026-07-26 05:19:21.390,1019.3,478,bbf7afac-5791-4b
f6ba0149-0007-4c,https://ef88e61230a7f9cdaa979b6268878856.r2.cloudflarestorage.com/beam-xfer-test/source/ecx_20_b_gb.bin,https://ef88e61230a7f9cdaa979b6268878856.r2.cloudflarestorage.com/beam-xfer-test/destinations/primary/studio/100gib-20gib-source-20260719023016-d1.bin,1801.6,2026-07-26 05:19:21.392,1801.6,26,975ee6f3-92b4-40
eeb803e6-5d13-4f,https://ef88e61230a7f9cdaa979b6268878856.r2.cloudflarestorage.com/beam-xfer-test/source/ecx_20_b_gb.bin,https://ef88e61230a7f9cdaa979b6268878856.r2.cloudflarestorage.com/beam-xfer-test/destinations/primary/studio/100gib-20gib-source-20260719023016-d1.bin,1811.7,2026-07-26 05:19:21.404,1811.7,155,6276be11-afb1-4e
bfae6c43-fd63-4f,https://ef88e61230a7f9cdaa979b6268878856.r2.cloudflarestorage.com/beam-xfer-test/source/ecx_20_b_gb.bin,https://ef88e61230a7f9cdaa979b6268878856.r2.cloudflarestorage.com/beam-xfer-test/destinations/backup2/studio/100gib-20gib-source-20260719023016-d3.bin,1842.8,2026-07-26 05:19:21.429,1842.8,380,3295a0d6-5be5-4a
0bbd98ce-9c9a-4f,https://ef88e61230a7f9cdaa979b6268878856.r2.cloudflarestorage.com/beam-xfer-test/source/ecx_20_b_gb.bin,https://ef88e61230a7f9cdaa979b6268878856.r2.cloudflarestorage.com/beam-xfer-test/destinations/primary/studio/100gib-20gib-source-20260719023016-d1.bin,2033.4,2026-07-26 05:19:21.623,2033.4,40,2ec954a6-8ed4-48
8190b41a-a59f-4f,https://ef88e61230a7f9cdaa979b6268878856.r2.cloudflarestorage.com/beam-xfer-test/source/ecx_20_b_gb.bin,https://ef88e61230a7f9cdaa979b6268878856.r2.cloudflarestorage.com/beam-xfer-test/destinations/backup3/studio/100gib-20gib-source-20260719023016-d4.bin,2094.0,2026-07-26 05:19:21.681,2094.0,135,e510208b-3626-4a
bfae6c43-fd63-4f,https://ef88e61230a7f9cdaa979b6268878856.r2.cloudflarestorage.com/beam-xfer-test/source/ecx_20_b_gb.bin,https://ef88e61230a7f9cdaa979b6268878856.r2.cloudflarestorage.com/beam-xfer-test/destinations/backup8/studio/100gib-20gib-source-20260719023016-d5.bin,1366.1,2026-07-26 05:19:21.723,1366.1,493,39537eaf-e41a-4e
82d96ebc-b209-4a,https://ef88e61230a7f9cdaa979b6268878856.r2.cloudflarestorage.com/beam-xfer-test/source/ecx_20_b_gb.bin,https://ef88e61230a7f9cdaa979b6268878856.r2.cloudflarestorage.com/beam-xfer-test/destinations/backup3/studio/100gib-20gib-source-20260719023016-d4.bin,2176.7,2026-07-26 05:19:21.761,2176.7,173,790de8a6-42fa-44
f6ba0149-0007-4c,https://ef88e61230a7f9cdaa979b6268878856.r2.cloudflarestorage.com/beam-xfer-test/source/ecx_20_b_gb.bin,https://ef88e61230a7f9cdaa979b6268878856.r2.cloudflarestorage.com/beam-xfer-test/destinations/primary/studio/100gib-20gib-source-20260719023016-d1.bin,1413.6,2026-07-26 05:19:21.772,1413.6,498,9e18fcf3-183e-44
f6ba0149-0007-4c,https://ef88e61230a7f9cdaa979b6268878856.r2.cloudflarestorage.com/beam-xfer-test/source/ecx_20_b_gb.bin,https://ef88e61230a7f9cdaa979b6268878856.r2.cloudflarestorage.com/beam-xfer-test/destinations/backup3/studio/100gib-20gib-source-20260719023016-d4.bin,2704.1,2026-07-26 05:19:22.292,2704.1,356,15744a70-adce-42
acb95b61-bfaa-47,https://ef88e61230a7f9cdaa979b6268878856.r2.cloudflarestorage.com/beam-xfer-test/source/ecx_20_b_gb.bin,https://ef88e61230a7f9cdaa979b6268878856.r2.cloudflarestorage.com/beam-xfer-test/destinations/primary/studio/100gib-20gib-source-20260719023016-d1.bin,2740.9,2026-07-26 05:19:22.331,2740.9,402,ad1394da-5d91-4b
55775009-8267-4e,https://ef88e61230a7f9cdaa979b6268878856.r2.cloudflarestorage.com/beam-xfer-test/source/ecx_20_b_gb.bin,https://ef88e61230a7f9cdaa979b6268878856.r2.cloudflarestorage.com/beam-xfer-test/destinations/backup8/studio/100gib-20gib-source-20260719023016-d5.bin,3025.1,2026-07-26 05:19:22.613,3025.1,80,b54e28d5-576c-42
acf033ca-eeaf-42,https://ef88e61230a7f9cdaa979b6268878856.r2.cloudflarestorage.com/beam-xfer-test/source/ecx_20_b_gb.bin,https://ef88e61230a7f9cdaa979b6268878856.r2.cloudflarestorage.com/beam-xfer-test/destinations/backup/studio/100gib-20gib-source-20260719023016-d2.bin,3239.5,2026-07-26 05:19:22.830,3239.5,17,2d657da6-6245-48
f6ba0149-0007-4c,https://ef88e61230a7f9cdaa979b6268878856.r2.cloudflarestorage.com/beam-xfer-test/source/ecx_20_b_gb.bin,https://ef88e61230a7f9cdaa979b6268878856.r2.cloudflarestorage.com/beam-xfer-test/destinations/backup2/studio/100gib-20gib-source-20260719023016-d3.bin,2854.8,2026-07-26 05:19:23.212,2854.8,462,d257f337-8a76-42
44771ea8-f706-4c,https://ef88e61230a7f9cdaa979b6268878856.r2.cloudflarestorage.com/beam-xfer-test/source/ecx_20_b_gb.bin,https://ef88e61230a7f9cdaa979b6268878856.r2.cloudflarestorage.com/beam-xfer-test/destinations/backup2/studio/100gib-20gib-source-20260719023016-d3.bin,1222.7,2026-07-26 05:19:35.824,1222.7,139,004802d1-b34d-4c
bfae6c43-fd63-4f,https://ef88e61230a7f9cdaa979b6268878856.r2.cloudflarestorage.com/beam-xfer-test/source/ecx_20_b_gb.bin,https://ef88e61230a7f9cdaa979b6268878856.r2.cloudflarestorage.com/beam-xfer-test/destinations/backup2/studio/100gib-20gib-source-20260719023016-d3.bin,1124.4,2026-07-26 05:19:36.518,1124.4,437,840972af-efef-4d
44771ea8-f706-4c,https://ef88e61230a7f9cdaa979b6268878856.r2.cloudflarestorage.com/beam-xfer-test/source/rx_10p1.bin,https://s3.hippius.com/beam-dev/destination/primary,19370.9,2026-07-26 05:39:41.107,16889.6,191,d315f4dc-0683-41
bfae6c43-fd63-4f,https://ef88e61230a7f9cdaa979b6268878856.r2.cloudflarestorage.com/beam-xfer-test/source/rx_10p1.bin,https://s3.hippius.com/beam-dev/destination/primary,25619.9,2026-07-26 05:39:48.884,24345.6,276,719e099b-6ebb-41
acf033ca-eeaf-42,https://ef88e61230a7f9cdaa979b6268878856.r2.cloudflarestorage.com/beam-xfer-test/source/rx_10p1.bin,https://s3.hippius.com/beam-dev/destination/primary,26400.2,2026-07-26 05:39:49.684,25135.0,118,43298ddd-ea08-4e
82d96ebc-b209-4a,https://ef88e61230a7f9cdaa979b6268878856.r2.cloudflarestorage.com/beam-xfer-test/source/ecx_20_b_gb.bin,https://ef88e61230a7f9cdaa979b6268878856.r2.cloudflarestorage.com/beam-xfer-test/destinations/backup3/studio/100gib-20gib-source-20260719023016-d4.bin,978.3,2026-07-26 05:49:17.826,978.3,269,d34928fd-f0a2-4d
f6ba0149-0007-4c,https://ef88e61230a7f9cdaa979b6268878856.r2.cloudflarestorage.com/beam-xfer-test/source/ecx_20_b_gb.bin,https://ef88e61230a7f9cdaa979b6268878856.r2.cloudflarestorage.com/beam-xfer-test/destinations/backup/studio/100gib-20gib-source-20260719023016-d2.bin,1118.2,2026-07-26 05:49:17.968,1118.2,217,ddabb66a-132e-4d
eeb803e6-5d13-4f,https://ef88e61230a7f9cdaa979b6268878856.r2.cloudflarestorage.com/beam-xfer-test/source/ecx_20_b_gb.bin,https://ef88e61230a7f9cdaa979b6268878856.r2.cloudflarestorage.com/beam-xfer-test/destinations/backup3/studio/100gib-20gib-source-20260719023016-d4.bin,1145.0,2026-07-26 05:49:17.998,1145.0,207,841eb64d-284e-46
f6ba0149-0007-4c,https://ef88e61230a7f9cdaa979b6268878856.r2.cloudflarestorage.com/beam-xfer-test/source/ecx_20_b_gb.bin,https://ef88e61230a7f9cdaa979b6268878856.r2.cloudflarestorage.com/beam-xfer-test/destinations/backup3/studio/100gib-20gib-source-20260719023016-d4.bin,1181.4,2026-07-26 05:49:18.034,1181.4,282,3e9c3fd4-5d4a-41
acb95b61-bfaa-47,https://ef88e61230a7f9cdaa979b6268878856.r2.cloudflarestorage.com/beam-xfer-test/source/ecx_20_b_gb.bin,https://ef88e61230a7f9cdaa979b6268878856.r2.cloudflarestorage.com/beam-xfer-test/destinations/backup8/studio/100gib-20gib-source-20260719023016-d5.bin,1281.5,2026-07-26 05:49:18.134,1281.5,402,7814c8dd-abb3-4b
b1b3ec5c-bc63-4d,https://ef88e61230a7f9cdaa979b6268878856.r2.cloudflarestorage.com/beam-xfer-test/source/ecx_20_b_gb.bin,https://ef88e61230a7f9cdaa979b6268878856.r2.cloudflarestorage.com/beam-xfer-test/destinations/backup/studio/100gib-20gib-source-20260719023016-d2.bin,1310.8,2026-07-26 05:49:18.159,1310.8,137,244b9f0d-957d-44
8190b41a-a59f-4f,https://ef88e61230a7f9cdaa979b6268878856.r2.cloudflarestorage.com/beam-xfer-test/source/ecx_20_b_gb.bin,https://ef88e61230a7f9cdaa979b6268878856.r2.cloudflarestorage.com/beam-xfer-test/destinations/backup2/studio/100gib-20gib-source-20260719023016-d3.bin,1357.5,2026-07-26 05:49:18.203,1357.5,233,d2f9c1bb-7caa-40
44771ea8-f706-4c,https://ef88e61230a7f9cdaa979b6268878856.r2.cloudflarestorage.com/beam-xfer-test/source/ecx_20_b_gb.bin,https://ef88e61230a7f9cdaa979b6268878856.r2.cloudflarestorage.com/beam-xfer-test/destinations/backup3/studio/100gib-20gib-source-20260719023016-d4.bin,1368.9,2026-07-26 05:49:18.218,1368.9,387,49208e0c-8241-40
acf033ca-eeaf-42,https://ef88e61230a7f9cdaa979b6268878856.r2.cloudflarestorage.com/beam-xfer-test/source/ecx_20_b_gb.bin,https://ef88e61230a7f9cdaa979b6268878856.r2.cloudflarestorage.com/beam-xfer-test/destinations/backup3/studio/100gib-20gib-source-20260719023016-d4.bin,1608.8,2026-07-26 05:49:18.463,1608.8,276,e514c61a-8452-4b
34aeda10-164d-42,https://ef88e61230a7f9cdaa979b6268878856.r2.cloudflarestorage.com/beam-xfer-test/source/ecx_20_b_gb.bin,https://ef88e61230a7f9cdaa979b6268878856.r2.cloudflarestorage.com/beam-xfer-test/destinations/primary/studio/100gib-20gib-source-20260719023016-d1.bin,1700.2,2026-07-26 05:49:18.547,1700.2,317,89a58594-9bf8-42
bfae6c43-fd63-4f,https://ef88e61230a7f9cdaa979b6268878856.r2.cloudflarestorage.com/beam-xfer-test/source/ecx_20_b_gb.bin,https://ef88e61230a7f9cdaa979b6268878856.r2.cloudflarestorage.com/beam-xfer-test/destinations/backup/studio/100gib-20gib-source-20260719023016-d2.bin,1952.6,2026-07-26 05:49:18.800,1952.6,315,e37a64e6-82f1-4d
acf033ca-eeaf-42,https://ef88e61230a7f9cdaa979b6268878856.r2.cloudflarestorage.com/beam-xfer-test/source/ecx_20_b_gb.bin,https://ef88e61230a7f9cdaa979b6268878856.r2.cloudflarestorage.com/beam-xfer-test/destinations/backup3/studio/100gib-20gib-source-20260719023016-d4.bin,2039.1,2026-07-26 05:49:18.891,2039.1,230,f5a9e838-f8e7-45
0bbd98ce-9c9a-4f,https://ef88e61230a7f9cdaa979b6268878856.r2.cloudflarestorage.com/beam-xfer-test/source/ecx_20_b_gb.bin,https://ef88e61230a7f9cdaa979b6268878856.r2.cloudflarestorage.com/beam-xfer-test/destinations/backup8/studio/100gib-20gib-source-20260719023016-d5.bin,2063.0,2026-07-26 05:49:18.914,2063.0,62,168923a6-403c-41
f6ba0149-0007-4c,https://ef88e61230a7f9cdaa979b6268878856.r2.cloudflarestorage.com/beam-xfer-test/source/ecx_20_b_gb.bin,https://ef88e61230a7f9cdaa979b6268878856.r2.cloudflarestorage.com/beam-xfer-test/destinations/backup/studio/100gib-20gib-source-20260719023016-d2.bin,2193.2,2026-07-26 05:49:19.048,2193.2,131,628ee859-e387-4e
55775009-8267-4e,https://ef88e61230a7f9cdaa979b6268878856.r2.cloudflarestorage.com/beam-xfer-test/source/ecx_20_b_gb.bin,https://ef88e61230a7f9cdaa979b6268878856.r2.cloudflarestorage.com/beam-xfer-test/destinations/backup8/studio/100gib-20gib-source-20260719023016-d5.bin,2280.0,2026-07-26 05:49:19.130,2280.0,190,b2572e06-d368-4e
acf033ca-eeaf-42,https://ef88e61230a7f9cdaa979b6268878856.r2.cloudflarestorage.com/beam-xfer-test/source/ecx_20_b_gb.bin,https://ef88e61230a7f9cdaa979b6268878856.r2.cloudflarestorage.com/beam-xfer-test/destinations/backup/studio/100gib-20gib-source-20260719023016-d2.bin,1192.7,2026-07-26 05:49:19.206,1192.7,455,0dd47f4b-2498-41
f6ba0149-0007-4c,https://ef88e61230a7f9cdaa979b6268878856.r2.cloudflarestorage.com/beam-xfer-test/source/ecx_20_b_gb.bin,https://ef88e61230a7f9cdaa979b6268878856.r2.cloudflarestorage.com/beam-xfer-test/destinations/backup8/studio/100gib-20gib-source-20260719023016-d5.bin,1602.9,2026-07-26 05:49:19.615,1602.9,448,0801545b-3039-42
eeb803e6-5d13-4f,https://ef88e61230a7f9cdaa979b6268878856.r2.cloudflarestorage.com/beam-xfer-test/source/ecx_20_b_gb.bin,https://ef88e61230a7f9cdaa979b6268878856.r2.cloudflarestorage.com/beam-xfer-test/destinations/backup8/studio/100gib-20gib-source-20260719023016-d5.bin,2765.4,2026-07-26 05:49:19.616,2765.4,181,531ba9ad-9d35-40
f6ba0149-0007-4c,https://ef88e61230a7f9cdaa979b6268878856.r2.cloudflarestorage.com/beam-xfer-test/source/ecx_20_b_gb.bin,https://ef88e61230a7f9cdaa979b6268878856.r2.cloudflarestorage.com/beam-xfer-test/destinations/backup8/studio/100gib-20gib-source-20260719023016-d5.bin,1602.5,2026-07-26 05:49:19.617,1602.5,487,69213141-f355-4d
bfae6c43-fd63-4f,https://ef88e61230a7f9cdaa979b6268878856.r2.cloudflarestorage.com/beam-xfer-test/source/ecx_20_b_gb.bin,https://ef88e61230a7f9cdaa979b6268878856.r2.cloudflarestorage.com/beam-xfer-test/destinations/backup2/studio/100gib-20gib-source-20260719023016-d3.bin,3316.1,2026-07-26 05:49:20.170,3316.1,47,d41e88eb-c709-4f
82d96ebc-b209-4a,https://ef88e61230a7f9cdaa979b6268878856.r2.cloudflarestorage.com/beam-xfer-test/source/ecx_20_b_gb.bin,https://ef88e61230a7f9cdaa979b6268878856.r2.cloudflarestorage.com/beam-xfer-test/destinations/backup/studio/100gib-20gib-source-20260719023016-d2.bin,2203.8,2026-07-26 05:49:20.214,2203.8,479,c2dc0979-5747-40
acf033ca-eeaf-42,https://ef88e61230a7f9cdaa979b6268878856.r2.cloudflarestorage.com/beam-xfer-test/source/ecx_20_b_gb.bin,https://ef88e61230a7f9cdaa979b6268878856.r2.cloudflarestorage.com/beam-xfer-test/destinations/backup3/studio/100gib-20gib-source-20260719023016-d4.bin,3643.3,2026-07-26 05:49:20.491,3643.3,317,0f82fc44-6527-40
bfae6c43-fd63-4f,https://ef88e61230a7f9cdaa979b6268878856.r2.cloudflarestorage.com/beam-xfer-test/source/ecx_20_b_gb.bin,https://ef88e61230a7f9cdaa979b6268878856.r2.cloudflarestorage.com/beam-xfer-test/destinations/primary/studio/100gib-20gib-source-20260719023016-d1.bin,2516.1,2026-07-26 05:49:20.528,2516.1,451,def72730-1111-4c
bfae6c43-fd63-4f,https://ef88e61230a7f9cdaa979b6268878856.r2.cloudflarestorage.com/beam-xfer-test/source/ecx_20_b_gb.bin,https://ef88e61230a7f9cdaa979b6268878856.r2.cloudflarestorage.com/beam-xfer-test/destinations/backup3/studio/100gib-20gib-source-20260719023016-d4.bin,4114.8,2026-07-26 05:49:20.967,4114.8,159,cb96fc58-03cf-45
7abd699c-e2a0-45,https://ef88e61230a7f9cdaa979b6268878856.r2.cloudflarestorage.com/beam-xfer-test/source/ecx_20_b_gb.bin,https://ef88e61230a7f9cdaa979b6268878856.r2.cloudflarestorage.com/beam-xfer-test/destinations/backup8/studio/100gib-20gib-source-20260719023016-d5.bin,4190.6,2026-07-26 05:49:21.042,4190.6,122,c09fccfb-edcd-49
8190b41a-a59f-4f,https://ef88e61230a7f9cdaa979b6268878856.r2.cloudflarestorage.com/beam-xfer-test/source/ecx_20_b_gb.bin,https://ef88e61230a7f9cdaa979b6268878856.r2.cloudflarestorage.com/beam-xfer-test/destinations/backup/studio/100gib-20gib-source-20260719023016-d2.bin,1695.5,2026-07-26 05:49:34.759,1695.5,500,e3869488-e340-48
bfae6c43-fd63-4f,https://ef88e61230a7f9cdaa979b6268878856.r2.cloudflarestorage.com/beam-xfer-test/source/rnd_20_gib_20260720.bin,https://s3.hippius.com/beam-dev/destination/backup/100gbdestination5,400068.5,2026-07-26 05:56:13.904,331841.3,315,2474dcb3-47cb-46
bfae6c43-fd63-4f,https://ef88e61230a7f9cdaa979b6268878856.r2.cloudflarestorage.com/beam-xfer-test/source/rnd_20_gib_20260720.bin,https://s3.hippius.com/beam-dev/destination/backup/100gbdestination1,344389.9,2026-07-26 05:56:17.657,335753.9,31,658c41e8-4629-4e
82d96ebc-b209-4a,https://ef88e61230a7f9cdaa979b6268878856.r2.cloudflarestorage.com/beam-xfer-test/source/rnd_20_gib_20260720.bin,https://s3.hippius.com/beam-dev/destination/backup/100gbdestination5,463918.9,2026-07-26 05:56:31.387,349496.1,106,cf4991d0-e8e8-47
acb95b61-bfaa-47,https://ef88e61230a7f9cdaa979b6268878856.r2.cloudflarestorage.com/beam-xfer-test/source/rnd_20_gib_20260720.bin,https://s3.hippius.com/beam-dev/destination/backup/100gbdestination4,525300.6,2026-07-26 05:57:01.666,380139.9,306,1b490857-1367-44
44771ea8-f706-4c,https://ef88e61230a7f9cdaa979b6268878856.r2.cloudflarestorage.com/beam-xfer-test/source/rnd_20_gib_20260720.bin,https://s3.hippius.com/beam-dev/destination/backup/100gbdestination4,389753.2,2026-07-26 05:57:11.275,389753.2,313,e03a53a5-40ac-45
eeb803e6-5d13-4f,https://ef88e61230a7f9cdaa979b6268878856.r2.cloudflarestorage.com/beam-xfer-test/source/rnd_20_gib_20260720.bin,https://s3.hippius.com/beam-dev/destination/backup/100gbdestination2,566478.1,2026-07-26 05:57:21.513,399982.2,1,9bc515d3-4302-48
0bbd98ce-9c9a-4f,https://ef88e61230a7f9cdaa979b6268878856.r2.cloudflarestorage.com/beam-xfer-test/source/rnd_20_gib_20260720.bin,https://s3.hippius.com/beam-dev/destination/backup/100gbdestination3,531664.6,2026-07-26 05:57:33.806,412278.3,147,1df08682-85cd-4b
f6ba0149-0007-4c,https://ef88e61230a7f9cdaa979b6268878856.r2.cloudflarestorage.com/beam-xfer-test/source/rnd_20_gib_20260720.bin,https://s3.hippius.com/beam-dev/destination/backup/100gbdestination3,623433.2,2026-07-26 05:58:02.977,439182.4,436,92cd112f-ebb5-45
acf033ca-eeaf-42,https://ef88e61230a7f9cdaa979b6268878856.r2.cloudflarestorage.com/beam-xfer-test/source/rnd_20_gib_20260720.bin,https://s3.hippius.com/beam-dev/destination/backup/100gbdestination2,760706.1,2026-07-26 05:59:32.724,530609.6,384,0dc7d8a6-fa13-4e
eeb803e6-5d13-4f,https://ef88e61230a7f9cdaa979b6268878856.r2.cloudflarestorage.com/beam-xfer-test/source/rnd_20_gib_20260720.bin,https://s3.hippius.com/beam-dev/destination/backup/100gbdestination3,8712.9,2026-07-26 05:59:35.460,7681.8,282,b0f03c26-8fd6-43
f6ba0149-0007-4c,https://ef88e61230a7f9cdaa979b6268878856.r2.cloudflarestorage.com/beam-xfer-test/source/rnd_20_gib_20260720.bin,https://s3.hippius.com/beam-dev/destination/backup/100gbdestination3,4159.1,2026-07-26 06:00:42.451,3112.7,406,480bd25c-174e-40
f6ba0149-0007-4c,https://ef88e61230a7f9cdaa979b6268878856.r2.cloudflarestorage.com/beam-xfer-test/source/rnd_20_gib_20260720.bin,https://s3.hippius.com/beam-dev/destination/backup/100gbdestination4,2621.2,2026-07-26 06:02:53.438,1565.2,387,78991c3c-cdf3-41
f6ba0149-0007-4c,https://ef88e61230a7f9cdaa979b6268878856.r2.cloudflarestorage.com/beam-xfer-test/source/ecx_20_b_gb.bin,https://ef88e61230a7f9cdaa979b6268878856.r2.cloudflarestorage.com/beam-xfer-test/destinations/backup8/studio/100gib-20gib-source-20260719023016-d5.bin,1269.4,2026-07-26 06:20:09.649,1269.4,118,0e5c1669-687b-46
bfae6c43-fd63-4f,https://ef88e61230a7f9cdaa979b6268878856.r2.cloudflarestorage.com/beam-xfer-test/source/ecx_20_b_gb.bin,https://ef88e61230a7f9cdaa979b6268878856.r2.cloudflarestorage.com/beam-xfer-test/destinations/backup/studio/100gib-20gib-source-20260719023016-d2.bin,1452.7,2026-07-26 06:20:09.841,1452.7,316,e8bc4874-4d5e-47
bfae6c43-fd63-4f,https://ef88e61230a7f9cdaa979b6268878856.r2.cloudflarestorage.com/beam-xfer-test/source/ecx_20_b_gb.bin,https://ef88e61230a7f9cdaa979b6268878856.r2.cloudflarestorage.com/beam-xfer-test/destinations/backup8/studio/100gib-20gib-source-20260719023016-d5.bin,1625.4,2026-07-26 06:20:10.008,1625.4,405,d363f844-1b1e-40
f6ba0149-0007-4c,https://ef88e61230a7f9cdaa979b6268878856.r2.cloudflarestorage.com/beam-xfer-test/source/ecx_20_b_gb.bin,https://ef88e61230a7f9cdaa979b6268878856.r2.cloudflarestorage.com/beam-xfer-test/destinations/backup2/studio/100gib-20gib-source-20260719023016-d3.bin,1707.7,2026-07-26 06:20:10.091,1707.7,319,99f7f65d-b16f-48
bfae6c43-fd63-4f,https://ef88e61230a7f9cdaa979b6268878856.r2.cloudflarestorage.com/beam-xfer-test/source/ecx_20_b_gb.bin,https://ef88e61230a7f9cdaa979b6268878856.r2.cloudflarestorage.com/beam-xfer-test/destinations/backup/studio/100gib-20gib-source-20260719023016-d2.bin,1729.6,2026-07-26 06:20:10.115,1729.6,308,d36844c2-17d9-40
acf033ca-eeaf-42,https://ef88e61230a7f9cdaa979b6268878856.r2.cloudflarestorage.com/beam-xfer-test/source/ecx_20_b_gb.bin,https://ef88e61230a7f9cdaa979b6268878856.r2.cloudflarestorage.com/beam-xfer-test/destinations/backup3/studio/100gib-20gib-source-20260719023016-d4.bin,1750.6,2026-07-26 06:20:10.129,1750.6,86,a17a832e-87e7-43
acf033ca-eeaf-42,https://ef88e61230a7f9cdaa979b6268878856.r2.cloudflarestorage.com/beam-xfer-test/source/ecx_20_b_gb.bin,https://ef88e61230a7f9cdaa979b6268878856.r2.cloudflarestorage.com/beam-xfer-test/destinations/backup2/studio/100gib-20gib-source-20260719023016-d3.bin,1758.1,2026-07-26 06:20:10.134,1758.1,308,b2d997d2-9099-44
acf033ca-eeaf-42,https://ef88e61230a7f9cdaa979b6268878856.r2.cloudflarestorage.com/beam-xfer-test/source/ecx_20_b_gb.bin,https://ef88e61230a7f9cdaa979b6268878856.r2.cloudflarestorage.com/beam-xfer-test/destinations/primary/studio/100gib-20gib-source-20260719023016-d1.bin,1767.8,2026-07-26 06:20:10.141,1767.8,267,1045baae-c910-49
f6ba0149-0007-4c,https://ef88e61230a7f9cdaa979b6268878856.r2.cloudflarestorage.com/beam-xfer-test/source/ecx_20_b_gb.bin,https://ef88e61230a7f9cdaa979b6268878856.r2.cloudflarestorage.com/beam-xfer-test/destinations/backup/studio/100gib-20gib-source-20260719023016-d2.bin,1793.0,2026-07-26 06:20:10.174,1793.0,342,a05ebe74-56ac-43
bfae6c43-fd63-4f,https://ef88e61230a7f9cdaa979b6268878856.r2.cloudflarestorage.com/beam-xfer-test/source/ecx_20_b_gb.bin,https://ef88e61230a7f9cdaa979b6268878856.r2.cloudflarestorage.com/beam-xfer-test/destinations/primary/studio/100gib-20gib-source-20260719023016-d1.bin,2117.2,2026-07-26 06:20:10.492,2117.2,204,6d461b84-8228-45
f6ba0149-0007-4c,https://ef88e61230a7f9cdaa979b6268878856.r2.cloudflarestorage.com/beam-xfer-test/source/ecx_20_b_gb.bin,https://ef88e61230a7f9cdaa979b6268878856.r2.cloudflarestorage.com/beam-xfer-test/destinations/backup2/studio/100gib-20gib-source-20260719023016-d3.bin,2180.1,2026-07-26 06:20:10.554,2180.1,131,1adafa37-7d9d-40
bfae6c43-fd63-4f,https://ef88e61230a7f9cdaa979b6268878856.r2.cloudflarestorage.com/beam-xfer-test/source/ecx_20_b_gb.bin,https://ef88e61230a7f9cdaa979b6268878856.r2.cloudflarestorage.com/beam-xfer-test/destinations/backup8/studio/100gib-20gib-source-20260719023016-d5.bin,2199.0,2026-07-26 06:20:10.571,2199.0,356,4d35e022-715e-4f
acf033ca-eeaf-42,https://ef88e61230a7f9cdaa979b6268878856.r2.cloudflarestorage.com/beam-xfer-test/source/ecx_20_b_gb.bin,https://ef88e61230a7f9cdaa979b6268878856.r2.cloudflarestorage.com/beam-xfer-test/destinations/backup/studio/100gib-20gib-source-20260719023016-d2.bin,2250.3,2026-07-26 06:20:10.631,2250.3,363,fa8c7e52-f042-46
bfae6c43-fd63-4f,https://ef88e61230a7f9cdaa979b6268878856.r2.cloudflarestorage.com/beam-xfer-test/source/ecx_20_b_gb.bin,https://ef88e61230a7f9cdaa979b6268878856.r2.cloudflarestorage.com/beam-xfer-test/destinations/backup8/studio/100gib-20gib-source-20260719023016-d5.bin,2304.5,2026-07-26 06:20:10.682,2304.5,210,27ed176b-de99-47
bfae6c43-fd63-4f,https://ef88e61230a7f9cdaa979b6268878856.r2.cloudflarestorage.com/beam-xfer-test/source/ecx_20_b_gb.bin,https://ef88e61230a7f9cdaa979b6268878856.r2.cloudflarestorage.com/beam-xfer-test/destinations/backup8/studio/100gib-20gib-source-20260719023016-d5.bin,2318.6,2026-07-26 06:20:10.698,2318.6,197,6037bb98-64b3-42
f6ba0149-0007-4c,https://ef88e61230a7f9cdaa979b6268878856.r2.cloudflarestorage.com/beam-xfer-test/source/ecx_20_b_gb.bin,https://ef88e61230a7f9cdaa979b6268878856.r2.cloudflarestorage.com/beam-xfer-test/destinations/backup8/studio/100gib-20gib-source-20260719023016-d5.bin,2348.4,2026-07-26 06:20:10.724,2348.4,397,c7365bff-49e0-49
acf033ca-eeaf-42,https://ef88e61230a7f9cdaa979b6268878856.r2.cloudflarestorage.com/beam-xfer-test/source/ecx_20_b_gb.bin,https://ef88e61230a7f9cdaa979b6268878856.r2.cloudflarestorage.com/beam-xfer-test/destinations/backup3/studio/100gib-20gib-source-20260719023016-d4.bin,2345.2,2026-07-26 06:20:10.731,2345.2,218,5d17dc0d-a59c-43
acf033ca-eeaf-42,https://ef88e61230a7f9cdaa979b6268878856.r2.cloudflarestorage.com/beam-xfer-test/source/ecx_20_b_gb.bin,https://ef88e61230a7f9cdaa979b6268878856.r2.cloudflarestorage.com/beam-xfer-test/destinations/backup2/studio/100gib-20gib-source-20260719023016-d3.bin,2443.1,2026-07-26 06:20:10.832,2443.1,122,6583ae2c-dab6-4d
acf033ca-eeaf-42,https://ef88e61230a7f9cdaa979b6268878856.r2.cloudflarestorage.com/beam-xfer-test/source/ecx_20_b_gb.bin,https://ef88e61230a7f9cdaa979b6268878856.r2.cloudflarestorage.com/beam-xfer-test/destinations/backup2/studio/100gib-20gib-source-20260719023016-d3.bin,2496.3,2026-07-26 06:20:10.879,2496.3,148,6b05aabc-07b3-4d
f6ba0149-0007-4c,https://ef88e61230a7f9cdaa979b6268878856.r2.cloudflarestorage.com/beam-xfer-test/source/ecx_20_b_gb.bin,https://ef88e61230a7f9cdaa979b6268878856.r2.cloudflarestorage.com/beam-xfer-test/destinations/backup/studio/100gib-20gib-source-20260719023016-d2.bin,2631.0,2026-07-26 06:20:11.016,2631.0,13,84723353-ce4a-45
bfae6c43-fd63-4f,https://ef88e61230a7f9cdaa979b6268878856.r2.cloudflarestorage.com/beam-xfer-test/source/ecx_20_b_gb.bin,https://ef88e61230a7f9cdaa979b6268878856.r2.cloudflarestorage.com/beam-xfer-test/destinations/backup3/studio/100gib-20gib-source-20260719023016-d4.bin,1509.8,2026-07-26 06:20:11.526,1509.8,475,42ccf535-f290-4f
f6ba0149-0007-4c,https://ef88e61230a7f9cdaa979b6268878856.r2.cloudflarestorage.com/beam-xfer-test/source/ecx_20_b_gb.bin,https://ef88e61230a7f9cdaa979b6268878856.r2.cloudflarestorage.com/beam-xfer-test/destinations/backup2/studio/100gib-20gib-source-20260719023016-d3.bin,1568.1,2026-07-26 06:20:11.584,1568.1,482,e56b97d3-9f82-42
bfae6c43-fd63-4f,https://ef88e61230a7f9cdaa979b6268878856.r2.cloudflarestorage.com/beam-xfer-test/source/ecx_20_b_gb.bin,https://ef88e61230a7f9cdaa979b6268878856.r2.cloudflarestorage.com/beam-xfer-test/destinations/primary/studio/100gib-20gib-source-20260719023016-d1.bin,1580.6,2026-07-26 06:20:11.601,1580.6,490,39557113-5299-4e
acf033ca-eeaf-42,https://ef88e61230a7f9cdaa979b6268878856.r2.cloudflarestorage.com/beam-xfer-test/source/ecx_20_b_gb.bin,https://ef88e61230a7f9cdaa979b6268878856.r2.cloudflarestorage.com/beam-xfer-test/destinations/primary/studio/100gib-20gib-source-20260719023016-d1.bin,2014.7,2026-07-26 06:20:12.034,2014.7,463,2b2c7200-7d90-49
acf033ca-eeaf-42,https://ef88e61230a7f9cdaa979b6268878856.r2.cloudflarestorage.com/beam-xfer-test/source/ecx_20_b_gb.bin,https://ef88e61230a7f9cdaa979b6268878856.r2.cloudflarestorage.com/beam-xfer-test/destinations/primary/studio/100gib-20gib-source-20260719023016-d1.bin,862.5,2026-07-26 06:20:24.781,862.5,288,afc9e170-668d-42
bfae6c43-fd63-4f,https://ef88e61230a7f9cdaa979b6268878856.r2.cloudflarestorage.com/beam-xfer-test/source/ecx_20_b_gb.bin,https://ef88e61230a7f9cdaa979b6268878856.r2.cloudflarestorage.com/beam-xfer-test/destinations/backup8/studio/100gib-20gib-source-20260719023016-d5.bin,1100.3,2026-07-26 06:20:25.020,1100.3,78,603b8ab0-88c4-4c
f6ba0149-0007-4c,https://ef88e61230a7f9cdaa979b6268878856.r2.cloudflarestorage.com/beam-xfer-test/source/ecx_20_b_gb.bin,https://ef88e61230a7f9cdaa979b6268878856.r2.cloudflarestorage.com/beam-xfer-test/destinations/backup2/studio/100gib-20gib-source-20260719023016-d3.bin,1240.0,2026-07-26 06:20:25.166,1240.0,10,de377ee7-ba6a-48
f6ba0149-0007-4c,https://ef88e61230a7f9cdaa979b6268878856.r2.cloudflarestorage.com/beam-xfer-test/source/ecx_20_b_gb.bin,https://ef88e61230a7f9cdaa979b6268878856.r2.cloudflarestorage.com/beam-xfer-test/destinations/backup8/studio/100gib-20gib-source-20260719023016-d5.bin,1283.4,2026-07-26 06:20:25.201,1283.4,120,a13a803d-ff8d-4c
f6ba0149-0007-4c,https://ef88e61230a7f9cdaa979b6268878856.r2.cloudflarestorage.com/beam-xfer-test/source/ecx_20_b_gb.bin,https://ef88e61230a7f9cdaa979b6268878856.r2.cloudflarestorage.com/beam-xfer-test/destinations/backup2/studio/100gib-20gib-source-20260719023016-d3.bin,1288.5,2026-07-26 06:20:25.211,1288.5,324,4b7f0cc0-a973-4b
bfae6c43-fd63-4f,https://ef88e61230a7f9cdaa979b6268878856.r2.cloudflarestorage.com/beam-xfer-test/source/ecx_20_b_gb.bin,https://ef88e61230a7f9cdaa979b6268878856.r2.cloudflarestorage.com/beam-xfer-test/destinations/backup8/studio/100gib-20gib-source-20260719023016-d5.bin,1292.4,2026-07-26 06:20:25.216,1292.4,320,6934fbfa-ed38-49
bfae6c43-fd63-4f,https://ef88e61230a7f9cdaa979b6268878856.r2.cloudflarestorage.com/beam-xfer-test/source/ecx_20_b_gb.bin,https://ef88e61230a7f9cdaa979b6268878856.r2.cloudflarestorage.com/beam-xfer-test/destinations/backup/studio/100gib-20gib-source-20260719023016-d2.bin,1312.5,2026-07-26 06:20:25.234,1312.5,397,aa659846-bb11-4a
acf033ca-eeaf-42,https://ef88e61230a7f9cdaa979b6268878856.r2.cloudflarestorage.com/beam-xfer-test/source/ecx_20_b_gb.bin,https://ef88e61230a7f9cdaa979b6268878856.r2.cloudflarestorage.com/beam-xfer-test/destinations/backup8/studio/100gib-20gib-source-20260719023016-d5.bin,1430.7,2026-07-26 06:20:25.357,1430.7,137,45b3aa12-d043-4a
bfae6c43-fd63-4f,https://ef88e61230a7f9cdaa979b6268878856.r2.cloudflarestorage.com/beam-xfer-test/source/ecx_20_b_gb.bin,https://ef88e61230a7f9cdaa979b6268878856.r2.cloudflarestorage.com/beam-xfer-test/destinations/backup8/studio/100gib-20gib-source-20260719023016-d5.bin,1596.3,2026-07-26 06:20:25.527,1596.3,208,8f9d8cfe-24c1-44
acf033ca-eeaf-42,https://ef88e61230a7f9cdaa979b6268878856.r2.cloudflarestorage.com/beam-xfer-test/source/ecx_20_b_gb.bin,https://ef88e61230a7f9cdaa979b6268878856.r2.cloudflarestorage.com/beam-xfer-test/destinations/backup2/studio/100gib-20gib-source-20260719023016-d3.bin,1637.5,2026-07-26 06:20:25.561,1637.5,393,a749a76b-ccae-4e
bfae6c43-fd63-4f,https://ef88e61230a7f9cdaa979b6268878856.r2.cloudflarestorage.com/beam-xfer-test/source/ecx_20_b_gb.bin,https://ef88e61230a7f9cdaa979b6268878856.r2.cloudflarestorage.com/beam-xfer-test/destinations/primary/studio/100gib-20gib-source-20260719023016-d1.bin,1743.6,2026-07-26 06:20:25.660,1743.6,170,370ff4b6-b218-44
acf033ca-eeaf-42,https://ef88e61230a7f9cdaa979b6268878856.r2.cloudflarestorage.com/beam-xfer-test/source/ecx_20_b_gb.bin,https://ef88e61230a7f9cdaa979b6268878856.r2.cloudflarestorage.com/beam-xfer-test/destinations/backup3/studio/100gib-20gib-source-20260719023016-d4.bin,1865.7,2026-07-26 06:20:25.787,1865.7,64,91310606-149e-4c
acf033ca-eeaf-42,https://ef88e61230a7f9cdaa979b6268878856.r2.cloudflarestorage.com/beam-xfer-test/source/ecx_20_b_gb.bin,https://ef88e61230a7f9cdaa979b6268878856.r2.cloudflarestorage.com/beam-xfer-test/destinations/backup3/studio/100gib-20gib-source-20260719023016-d4.bin,954.3,2026-07-26 06:20:25.982,954.3,447,92cb26bf-8a6f-4b
bfae6c43-fd63-4f,https://ef88e61230a7f9cdaa979b6268878856.r2.cloudflarestorage.com/beam-xfer-test/source/ecx_20_b_gb.bin,https://ef88e61230a7f9cdaa979b6268878856.r2.cloudflarestorage.com/beam-xfer-test/destinations/backup8/studio/100gib-20gib-source-20260719023016-d5.bin,1072.8,2026-07-26 06:20:26.102,1072.8,427,787a6182-2f98-4f
f6ba0149-0007-4c,https://ef88e61230a7f9cdaa979b6268878856.r2.cloudflarestorage.com/beam-xfer-test/source/ecx_20_b_gb.bin,https://ef88e61230a7f9cdaa979b6268878856.r2.cloudflarestorage.com/beam-xfer-test/destinations/backup/studio/100gib-20gib-source-20260719023016-d2.bin,1270.1,2026-07-26 06:20:26.299,1270.1,410,a063a176-d2eb-41
f6ba0149-0007-4c,https://ef88e61230a7f9cdaa979b6268878856.r2.cloudflarestorage.com/beam-xfer-test/source/ecx_20_b_gb.bin,https://ef88e61230a7f9cdaa979b6268878856.r2.cloudflarestorage.com/beam-xfer-test/destinations/backup2/studio/100gib-20gib-source-20260719023016-d3.bin,3926.8,2026-07-26 06:20:27.855,3926.8,302,57e009f5-684c-4f
f6ba0149-0007-4c,https://ef88e61230a7f9cdaa979b6268878856.r2.cloudflarestorage.com/beam-xfer-test/source/ecx_20_b_gb.bin,https://ef88e61230a7f9cdaa979b6268878856.r2.cloudflarestorage.com/beam-xfer-test/destinations/primary/studio/100gib-20gib-source-20260719023016-d1.bin,1111.9,2026-07-26 06:20:40.324,1111.9,349,714e823f-795a-43
acf033ca-eeaf-42,https://ef88e61230a7f9cdaa979b6268878856.r2.cloudflarestorage.com/beam-xfer-test/source/ecx_20_b_gb.bin,https://ef88e61230a7f9cdaa979b6268878856.r2.cloudflarestorage.com/beam-xfer-test/destinations/primary/studio/100gib-20gib-source-20260719023016-d1.bin,1123.3,2026-07-26 06:20:40.337,1123.3,372,c3761b24-a23d-45
f6ba0149-0007-4c,https://ef88e61230a7f9cdaa979b6268878856.r2.cloudflarestorage.com/beam-xfer-test/source/ecx_20_b_gb.bin,https://ef88e61230a7f9cdaa979b6268878856.r2.cloudflarestorage.com/beam-xfer-test/destinations/backup/studio/100gib-20gib-source-20260719023016-d2.bin,1201.7,2026-07-26 06:20:40.416,1201.7,197,e45c3d1b-37b2-42
acf033ca-eeaf-42,https://ef88e61230a7f9cdaa979b6268878856.r2.cloudflarestorage.com/beam-xfer-test/source/ecx_20_b_gb.bin,https://ef88e61230a7f9cdaa979b6268878856.r2.cloudflarestorage.com/beam-xfer-test/destinations/primary/studio/100gib-20gib-source-20260719023016-d1.bin,1248.0,2026-07-26 06:20:40.465,1248.0,308,701204cd-225a-47
bfae6c43-fd63-4f,https://ef88e61230a7f9cdaa979b6268878856.r2.cloudflarestorage.com/beam-xfer-test/source/ecx_20_b_gb.bin,https://ef88e61230a7f9cdaa979b6268878856.r2.cloudflarestorage.com/beam-xfer-test/destinations/backup8/studio/100gib-20gib-source-20260719023016-d5.bin,1298.4,2026-07-26 06:20:40.509,1298.4,11,929bce92-985c-49
acf033ca-eeaf-42,https://ef88e61230a7f9cdaa979b6268878856.r2.cloudflarestorage.com/beam-xfer-test/source/ecx_20_b_gb.bin,https://ef88e61230a7f9cdaa979b6268878856.r2.cloudflarestorage.com/beam-xfer-test/destinations/backup2/studio/100gib-20gib-source-20260719023016-d3.bin,1732.2,2026-07-26 06:20:40.943,1732.2,311,ec9fc9ff-2b29-4b
bfae6c43-fd63-4f,https://ef88e61230a7f9cdaa979b6268878856.r2.cloudflarestorage.com/beam-xfer-test/source/ecx_20_b_gb.bin,https://ef88e61230a7f9cdaa979b6268878856.r2.cloudflarestorage.com/beam-xfer-test/destinations/backup/studio/100gib-20gib-source-20260719023016-d2.bin,1767.4,2026-07-26 06:20:40.981,1767.4,280,28e574ac-8412-46
bfae6c43-fd63-4f,https://ef88e61230a7f9cdaa979b6268878856.r2.cloudflarestorage.com/beam-xfer-test/source/ecx_20_b_gb.bin,https://ef88e61230a7f9cdaa979b6268878856.r2.cloudflarestorage.com/beam-xfer-test/destinations/backup/studio/100gib-20gib-source-20260719023016-d2.bin,1865.9,2026-07-26 06:20:41.082,1865.9,180,77434fca-6cbd-45
bfae6c43-fd63-4f,https://ef88e61230a7f9cdaa979b6268878856.r2.cloudflarestorage.com/beam-xfer-test/source/ecx_20_b_gb.bin,https://ef88e61230a7f9cdaa979b6268878856.r2.cloudflarestorage.com/beam-xfer-test/destinations/backup/studio/100gib-20gib-source-20260719023016-d2.bin,1443.5,2026-07-26 06:20:41.485,1443.5,434,c8ac8ed5-a7a0-42
f6ba0149-0007-4c,https://ef88e61230a7f9cdaa979b6268878856.r2.cloudflarestorage.com/beam-xfer-test/source/ecx_20_b_gb.bin,https://ef88e61230a7f9cdaa979b6268878856.r2.cloudflarestorage.com/beam-xfer-test/destinations/backup/studio/100gib-20gib-source-20260719023016-d2.bin,2144.0,2026-07-26 06:20:42.185,2144.0,29,5fb57dce-700f-42
bfae6c43-fd63-4f,https://ef88e61230a7f9cdaa979b6268878856.r2.cloudflarestorage.com/beam-xfer-test/source/ecx_20_b_gb.bin,https://ef88e61230a7f9cdaa979b6268878856.r2.cloudflarestorage.com/beam-xfer-test/destinations/primary/studio/100gib-20gib-source-20260719023016-d1.bin,1080.1,2026-07-26 06:20:55.487,1080.1,106,6272ab46-bd85-49
bfae6c43-fd63-4f,https://ef88e61230a7f9cdaa979b6268878856.r2.cloudflarestorage.com/beam-xfer-test/source/ecx_20_b_gb.bin,https://ef88e61230a7f9cdaa979b6268878856.r2.cloudflarestorage.com/beam-xfer-test/destinations/backup/studio/100gib-20gib-source-20260719023016-d2.bin,1159.5,2026-07-26 06:20:55.564,1159.5,251,279626c4-0a34-48
f6ba0149-0007-4c,https://ef88e61230a7f9cdaa979b6268878856.r2.cloudflarestorage.com/beam-xfer-test/source/ecx_20_b_gb.bin,https://ef88e61230a7f9cdaa979b6268878856.r2.cloudflarestorage.com/beam-xfer-test/destinations/backup2/studio/100gib-20gib-source-20260719023016-d3.bin,1184.8,2026-07-26 06:20:55.590,1184.8,254,c8612378-dc34-49
acf033ca-eeaf-42,https://ef88e61230a7f9cdaa979b6268878856.r2.cloudflarestorage.com/beam-xfer-test/source/ecx_20_b_gb.bin,https://ef88e61230a7f9cdaa979b6268878856.r2.cloudflarestorage.com/beam-xfer-test/destinations/backup2/studio/100gib-20gib-source-20260719023016-d3.bin,1444.5,2026-07-26 06:20:55.850,1444.5,401,572d212b-db24-4f
acf033ca-eeaf-42,https://ef88e61230a7f9cdaa979b6268878856.r2.cloudflarestorage.com/beam-xfer-test/source/ecx_20_b_gb.bin,https://ef88e61230a7f9cdaa979b6268878856.r2.cloudflarestorage.com/beam-xfer-test/destinations/backup8/studio/100gib-20gib-source-20260719023016-d5.bin,1699.5,2026-07-26 06:20:56.883,1699.5,426,4fe2392c-a4e7-4d
acf033ca-eeaf-42,https://ef88e61230a7f9cdaa979b6268878856.r2.cloudflarestorage.com/beam-xfer-test/source/ecx_20_b_gb.bin,https://ef88e61230a7f9cdaa979b6268878856.r2.cloudflarestorage.com/beam-xfer-test/destinations/primary/studio/100gib-20gib-source-20260719023016-d1.bin,1076.7,2026-07-26 06:21:10.775,1076.7,160,1d4df765-1039-47
bfae6c43-fd63-4f,https://ef88e61230a7f9cdaa979b6268878856.r2.cloudflarestorage.com/beam-xfer-test/source/ecx_20_b_gb.bin,https://ef88e61230a7f9cdaa979b6268878856.r2.cloudflarestorage.com/beam-xfer-test/destinations/backup2/studio/100gib-20gib-source-20260719023016-d3.bin,1200.3,2026-07-26 06:21:10.897,1200.3,120,0901251d-5f6a-44
f6ba0149-0007-4c,https://ef88e61230a7f9cdaa979b6268878856.r2.cloudflarestorage.com/beam-xfer-test/source/ecx_20_b_gb.bin,https://ef88e61230a7f9cdaa979b6268878856.r2.cloudflarestorage.com/beam-xfer-test/destinations/backup/studio/100gib-20gib-source-20260719023016-d2.bin,2273.7,2026-07-26 06:21:11.973,2273.7,221,96d5486f-07a9-48
bfae6c43-fd63-4f,https://ef88e61230a7f9cdaa979b6268878856.r2.cloudflarestorage.com/beam-xfer-test/source/ecx_20_b_gb.bin,https://ef88e61230a7f9cdaa979b6268878856.r2.cloudflarestorage.com/beam-xfer-test/destinations/backup2/studio/100gib-20gib-source-20260719023016-d3.bin,2214.1,2026-07-26 06:21:12.536,2214.1,450,564a40d5-f302-45
bfae6c43-fd63-4f,https://ef88e61230a7f9cdaa979b6268878856.r2.cloudflarestorage.com/beam-xfer-test/source/ecx_20_b_gb.bin,https://ef88e61230a7f9cdaa979b6268878856.r2.cloudflarestorage.com/beam-xfer-test/destinations/primary/studio/100gib-20gib-source-20260719023016-d1.bin,1149.9,2026-07-26 06:21:25.949,1149.9,167,a9a0b4fc-cf58-43
bfae6c43-fd63-4f,https://ef88e61230a7f9cdaa979b6268878856.r2.cloudflarestorage.com/beam-xfer-test/source/ecx_20_b_gb.bin,https://ef88e61230a7f9cdaa979b6268878856.r2.cloudflarestorage.com/beam-xfer-test/destinations/backup3/studio/100gib-20gib-source-20260719023016-d4.bin,1174.6,2026-07-26 06:21:41.044,1174.6,72,9bee4049-4039-4d
f6ba0149-0007-4c,https://ef88e61230a7f9cdaa979b6268878856.r2.cloudflarestorage.com/beam-xfer-test/source/ecx_20_b_gb.bin,https://ef88e61230a7f9cdaa979b6268878856.r2.cloudflarestorage.com/beam-xfer-test/destinations/backup8/studio/100gib-20gib-source-20260719023016-d5.bin,1213.1,2026-07-28 17:49:22.124,1213.1,213,501fa7e0-f684-47
acf033ca-eeaf-42,https://ef88e61230a7f9cdaa979b6268878856.r2.cloudflarestorage.com/beam-xfer-test/source/ecx_20_b_gb.bin,https://ef88e61230a7f9cdaa979b6268878856.r2.cloudflarestorage.com/beam-xfer-test/destinations/primary/studio/100gib-20gib-source-20260719023016-d1.bin,1214.1,2026-07-28 17:49:22.131,1214.1,159,1876e027-2974-48
3f5f0849-4f68-4b,https://ef88e61230a7f9cdaa979b6268878856.r2.cloudflarestorage.com/beam-xfer-test/source/ecx_20_b_gb.bin,https://ef88e61230a7f9cdaa979b6268878856.r2.cloudflarestorage.com/beam-xfer-test/destinations/backup8/studio/100gib-20gib-source-20260719023016-d5.bin,1350.0,2026-07-28 17:49:22.265,1350.0,297,c70deda2-9b1e-43
35577fec-f011-4d,https://ef88e61230a7f9cdaa979b6268878856.r2.cloudflarestorage.com/beam-xfer-test/source/ecx_20_b_gb.bin,https://ef88e61230a7f9cdaa979b6268878856.r2.cloudflarestorage.com/beam-xfer-test/destinations/backup3/studio/100gib-20gib-source-20260719023016-d4.bin,1413.5,2026-07-28 17:49:22.319,1413.5,228,1f29dc64-ab51-41
54585999-049f-42,https://ef88e61230a7f9cdaa979b6268878856.r2.cloudflarestorage.com/beam-xfer-test/source/ecx_20_b_gb.bin,https://ef88e61230a7f9cdaa979b6268878856.r2.cloudflarestorage.com/beam-xfer-test/destinations/primary/studio/100gib-20gib-source-20260719023016-d1.bin,1409.2,2026-07-28 17:49:22.321,1409.2,309,6233b64d-f8d6-46
34aeda10-164d-42,https://ef88e61230a7f9cdaa979b6268878856.r2.cloudflarestorage.com/beam-xfer-test/source/ecx_20_b_gb.bin,https://ef88e61230a7f9cdaa979b6268878856.r2.cloudflarestorage.com/beam-xfer-test/destinations/backup3/studio/100gib-20gib-source-20260719023016-d4.bin,1452.3,2026-07-28 17:49:22.365,1452.3,3,372117cf-4236-46
e4f5d18d-cb07-4b,https://ef88e61230a7f9cdaa979b6268878856.r2.cloudflarestorage.com/beam-xfer-test/source/ecx_20_b_gb.bin,https://ef88e61230a7f9cdaa979b6268878856.r2.cloudflarestorage.com/beam-xfer-test/destinations/backup8/studio/100gib-20gib-source-20260719023016-d5.bin,1512.7,2026-07-28 17:49:22.422,1512.7,204,21e3796e-5d9b-40
cc08774a-ed4d-41,https://ef88e61230a7f9cdaa979b6268878856.r2.cloudflarestorage.com/beam-xfer-test/source/ecx_20_b_gb.bin,https://ef88e61230a7f9cdaa979b6268878856.r2.cloudflarestorage.com/beam-xfer-test/destinations/backup3/studio/100gib-20gib-source-20260719023016-d4.bin,1730.9,2026-07-28 17:49:22.646,1730.9,196,23c0e400-a883-48
8190b41a-a59f-4f,https://ef88e61230a7f9cdaa979b6268878856.r2.cloudflarestorage.com/beam-xfer-test/source/ecx_20_b_gb.bin,https://ef88e61230a7f9cdaa979b6268878856.r2.cloudflarestorage.com/beam-xfer-test/destinations/primary/studio/100gib-20gib-source-20260719023016-d1.bin,1803.2,2026-07-28 17:49:22.711,1803.2,42,6f328d1b-6d61-47
f02e6fae-e0dc-48,https://ef88e61230a7f9cdaa979b6268878856.r2.cloudflarestorage.com/beam-xfer-test/source/ecx_20_b_gb.bin,https://ef88e61230a7f9cdaa979b6268878856.r2.cloudflarestorage.com/beam-xfer-test/destinations/primary/studio/100gib-20gib-source-20260719023016-d1.bin,1840.3,2026-07-28 17:49:22.758,1840.3,56,bf9bbed1-1d3a-4c
9167460c-b3ef-43,https://ef88e61230a7f9cdaa979b6268878856.r2.cloudflarestorage.com/beam-xfer-test/source/ecx_20_b_gb.bin,https://ef88e61230a7f9cdaa979b6268878856.r2.cloudflarestorage.com/beam-xfer-test/destinations/backup3/studio/100gib-20gib-source-20260719023016-d4.bin,1876.9,2026-07-28 17:49:22.790,1876.9,305,aa29a13a-9ff4-40
e778c394-2261-42,https://ef88e61230a7f9cdaa979b6268878856.r2.cloudflarestorage.com/beam-xfer-test/source/ecx_20_b_gb.bin,https://ef88e61230a7f9cdaa979b6268878856.r2.cloudflarestorage.com/beam-xfer-test/destinations/backup3/studio/100gib-20gib-source-20260719023016-d4.bin,1952.4,2026-07-28 17:49:22.866,1952.4,310,cc3ba8f0-5a55-42
7abd699c-e2a0-45,https://ef88e61230a7f9cdaa979b6268878856.r2.cloudflarestorage.com/beam-xfer-test/source/ecx_20_b_gb.bin,https://ef88e61230a7f9cdaa979b6268878856.r2.cloudflarestorage.com/beam-xfer-test/destinations/backup2/studio/100gib-20gib-source-20260719023016-d3.bin,2180.1,2026-07-28 17:49:23.097,2180.1,41,3368e521-83ff-4a
bfae6c43-fd63-4f,https://ef88e61230a7f9cdaa979b6268878856.r2.cloudflarestorage.com/beam-xfer-test/source/ecx_20_b_gb.bin,https://ef88e61230a7f9cdaa979b6268878856.r2.cloudflarestorage.com/beam-xfer-test/destinations/backup/studio/100gib-20gib-source-20260719023016-d2.bin,1197.6,2026-07-28 17:49:23.246,1197.6,448,95b3a92d-e58e-4f
f6ba0149-0007-4c,https://ef88e61230a7f9cdaa979b6268878856.r2.cloudflarestorage.com/beam-xfer-test/source/ecx_20_b_gb.bin,https://ef88e61230a7f9cdaa979b6268878856.r2.cloudflarestorage.com/beam-xfer-test/destinations/backup/studio/100gib-20gib-source-20260719023016-d2.bin,1173.8,2026-07-28 17:49:23.301,1173.8,463,71e8731e-8b2e-43
757f381e-dc3f-40,https://ef88e61230a7f9cdaa979b6268878856.r2.cloudflarestorage.com/beam-xfer-test/source/ecx_20_b_gb.bin,https://ef88e61230a7f9cdaa979b6268878856.r2.cloudflarestorage.com/beam-xfer-test/destinations/primary/studio/100gib-20gib-source-20260719023016-d1.bin,2406.1,2026-07-28 17:49:23.313,2406.1,204,d5e32b53-7538-47
4a858378-4596-41,https://ef88e61230a7f9cdaa979b6268878856.r2.cloudflarestorage.com/beam-xfer-test/source/ecx_20_b_gb.bin,https://ef88e61230a7f9cdaa979b6268878856.r2.cloudflarestorage.com/beam-xfer-test/destinations/backup3/studio/100gib-20gib-source-20260719023016-d4.bin,2458.4,2026-07-28 17:49:23.365,2458.4,360,07ff64d8-ff4d-47
3f5f0849-4f68-4b,https://ef88e61230a7f9cdaa979b6268878856.r2.cloudflarestorage.com/beam-xfer-test/source/ecx_20_b_gb.bin,https://ef88e61230a7f9cdaa979b6268878856.r2.cloudflarestorage.com/beam-xfer-test/destinations/backup/studio/100gib-20gib-source-20260719023016-d2.bin,1392.3,2026-07-28 17:49:23.660,1392.3,502,c75e3741-52b8-46
acf033ca-eeaf-42,https://ef88e61230a7f9cdaa979b6268878856.r2.cloudflarestorage.com/beam-xfer-test/source/ecx_20_b_gb.bin,https://ef88e61230a7f9cdaa979b6268878856.r2.cloudflarestorage.com/beam-xfer-test/destinations/backup3/studio/100gib-20gib-source-20260719023016-d4.bin,1526.2,2026-07-28 17:49:23.661,1526.2,442,ff863e26-0109-48
eeb803e6-5d13-4f,https://ef88e61230a7f9cdaa979b6268878856.r2.cloudflarestorage.com/beam-xfer-test/source/ecx_20_b_gb.bin,https://ef88e61230a7f9cdaa979b6268878856.r2.cloudflarestorage.com/beam-xfer-test/destinations/backup8/studio/100gib-20gib-source-20260719023016-d5.bin,2998.2,2026-07-28 17:49:23.908,2998.2,250,6df94fa6-4460-45
0bbd98ce-9c9a-4f,https://ef88e61230a7f9cdaa979b6268878856.r2.cloudflarestorage.com/beam-xfer-test/source/ecx_20_b_gb.bin,https://ef88e61230a7f9cdaa979b6268878856.r2.cloudflarestorage.com/beam-xfer-test/destinations/backup8/studio/100gib-20gib-source-20260719023016-d5.bin,3181.0,2026-07-28 17:49:24.086,3181.0,210,4c314222-3e59-46
acb95b61-bfaa-47,https://ef88e61230a7f9cdaa979b6268878856.r2.cloudflarestorage.com/beam-xfer-test/source/ecx_20_b_gb.bin,https://ef88e61230a7f9cdaa979b6268878856.r2.cloudflarestorage.com/beam-xfer-test/destinations/backup/studio/100gib-20gib-source-20260719023016-d2.bin,3728.9,2026-07-28 17:49:24.638,3728.9,100,38012868-9475-47
f6ba0149-0007-4c,https://ef88e61230a7f9cdaa979b6268878856.r2.cloudflarestorage.com/beam-xfer-test/source/ecx_20_b_gb.bin,https://ef88e61230a7f9cdaa979b6268878856.r2.cloudflarestorage.com/beam-xfer-test/destinations/backup/studio/100gib-20gib-source-20260719023016-d2.bin,1163.2,2026-07-28 17:49:37.060,1163.2,9,4c70ac04-8e86-46
e778c394-2261-42,https://ef88e61230a7f9cdaa979b6268878856.r2.cloudflarestorage.com/beam-xfer-test/source/ecx_20_b_gb.bin,https://ef88e61230a7f9cdaa979b6268878856.r2.cloudflarestorage.com/beam-xfer-test/destinations/backup/studio/100gib-20gib-source-20260719023016-d2.bin,1580.5,2026-07-28 18:19:22.960,1580.5,202,342e0c30-9f9b-49
e4f5d18d-cb07-4b,https://ef88e61230a7f9cdaa979b6268878856.r2.cloudflarestorage.com/beam-xfer-test/source/ecx_20_b_gb.bin,https://ef88e61230a7f9cdaa979b6268878856.r2.cloudflarestorage.com/beam-xfer-test/destinations/backup3/studio/100gib-20gib-source-20260719023016-d4.bin,1908.1,2026-07-28 18:19:23.285,1908.1,284,34641c29-3efd-41
7abd699c-e2a0-45,https://ef88e61230a7f9cdaa979b6268878856.r2.cloudflarestorage.com/beam-xfer-test/source/ecx_20_b_gb.bin,https://ef88e61230a7f9cdaa979b6268878856.r2.cloudflarestorage.com/beam-xfer-test/destinations/backup3/studio/100gib-20gib-source-20260719023016-d4.bin,2158.4,2026-07-28 18:19:23.539,2158.4,355,c054f658-ed02-4c
bfae6c43-fd63-4f,https://ef88e61230a7f9cdaa979b6268878856.r2.cloudflarestorage.com/beam-xfer-test/source/ecx_20_b_gb.bin,https://ef88e61230a7f9cdaa979b6268878856.r2.cloudflarestorage.com/beam-xfer-test/destinations/backup2/studio/100gib-20gib-source-20260719023016-d3.bin,2258.1,2026-07-28 18:19:23.631,2258.1,375,e1fb7962-6c6c-4b
8190b41a-a59f-4f,https://ef88e61230a7f9cdaa979b6268878856.r2.cloudflarestorage.com/beam-xfer-test/source/ecx_20_b_gb.bin,https://ef88e61230a7f9cdaa979b6268878856.r2.cloudflarestorage.com/beam-xfer-test/destinations/backup2/studio/100gib-20gib-source-20260719023016-d3.bin,2426.8,2026-07-28 18:19:23.805,2426.8,138,3b2856a3-a914-43
54585999-049f-42,https://ef88e61230a7f9cdaa979b6268878856.r2.cloudflarestorage.com/beam-xfer-test/source/ecx_20_b_gb.bin,https://ef88e61230a7f9cdaa979b6268878856.r2.cloudflarestorage.com/beam-xfer-test/destinations/backup/studio/100gib-20gib-source-20260719023016-d2.bin,2465.7,2026-07-28 18:19:23.841,2465.7,232,563f7076-fb8c-46
4a858378-4596-41,https://ef88e61230a7f9cdaa979b6268878856.r2.cloudflarestorage.com/beam-xfer-test/source/ecx_20_b_gb.bin,https://ef88e61230a7f9cdaa979b6268878856.r2.cloudflarestorage.com/beam-xfer-test/destinations/backup2/studio/100gib-20gib-source-20260719023016-d3.bin,2464.9,2026-07-28 18:19:23.846,2464.9,359,ca13cf11-50b5-48
f02e6fae-e0dc-48,https://ef88e61230a7f9cdaa979b6268878856.r2.cloudflarestorage.com/beam-xfer-test/source/ecx_20_b_gb.bin,https://ef88e61230a7f9cdaa979b6268878856.r2.cloudflarestorage.com/beam-xfer-test/destinations/backup8/studio/100gib-20gib-source-20260719023016-d5.bin,2607.5,2026-07-28 18:19:23.987,2607.5,131,4956dc69-46f5-44
f6ba0149-0007-4c,https://ef88e61230a7f9cdaa979b6268878856.r2.cloudflarestorage.com/beam-xfer-test/source/ecx_20_b_gb.bin,https://ef88e61230a7f9cdaa979b6268878856.r2.cloudflarestorage.com/beam-xfer-test/destinations/primary/studio/100gib-20gib-source-20260719023016-d1.bin,2903.4,2026-07-28 18:19:24.276,2903.4,400,3198a129-4d0e-40
cc08774a-ed4d-41,https://ef88e61230a7f9cdaa979b6268878856.r2.cloudflarestorage.com/beam-xfer-test/source/ecx_20_b_gb.bin,https://ef88e61230a7f9cdaa979b6268878856.r2.cloudflarestorage.com/beam-xfer-test/destinations/backup2/studio/100gib-20gib-source-20260719023016-d3.bin,2957.8,2026-07-28 18:19:24.335,2957.8,323,c259dabd-63bc-4e
e778c394-2261-42,https://ef88e61230a7f9cdaa979b6268878856.r2.cloudflarestorage.com/beam-xfer-test/source/ecx_20_b_gb.bin,https://ef88e61230a7f9cdaa979b6268878856.r2.cloudflarestorage.com/beam-xfer-test/destinations/backup8/studio/100gib-20gib-source-20260719023016-d5.bin,1373.0,2026-07-28 18:19:24.336,1373.0,411,15f30b30-fb5a-44
e4f5d18d-cb07-4b,https://ef88e61230a7f9cdaa979b6268878856.r2.cloudflarestorage.com/beam-xfer-test/source/ecx_20_b_gb.bin,https://ef88e61230a7f9cdaa979b6268878856.r2.cloudflarestorage.com/beam-xfer-test/destinations/backup2/studio/100gib-20gib-source-20260719023016-d3.bin,1094.3,2026-07-28 18:19:24.382,1094.3,477,64d08990-a848-4d
34aeda10-164d-42,https://ef88e61230a7f9cdaa979b6268878856.r2.cloudflarestorage.com/beam-xfer-test/source/ecx_20_b_gb.bin,https://ef88e61230a7f9cdaa979b6268878856.r2.cloudflarestorage.com/beam-xfer-test/destinations/backup3/studio/100gib-20gib-source-20260719023016-d4.bin,3025.1,2026-07-28 18:19:24.401,3025.1,398,8e14fa24-7c73-44
3f5f0849-4f68-4b,https://ef88e61230a7f9cdaa979b6268878856.r2.cloudflarestorage.com/beam-xfer-test/source/ecx_20_b_gb.bin,https://ef88e61230a7f9cdaa979b6268878856.r2.cloudflarestorage.com/beam-xfer-test/destinations/backup/studio/100gib-20gib-source-20260719023016-d2.bin,3074.8,2026-07-28 18:19:24.449,3074.8,299,546a01b3-7f27-4a
9167460c-b3ef-43,https://ef88e61230a7f9cdaa979b6268878856.r2.cloudflarestorage.com/beam-xfer-test/source/ecx_20_b_gb.bin,https://ef88e61230a7f9cdaa979b6268878856.r2.cloudflarestorage.com/beam-xfer-test/destinations/backup/studio/100gib-20gib-source-20260719023016-d2.bin,3587.0,2026-07-28 18:19:24.966,3587.0,199,eea3468c-b2ed-41
acf033ca-eeaf-42,https://ef88e61230a7f9cdaa979b6268878856.r2.cloudflarestorage.com/beam-xfer-test/source/ecx_20_b_gb.bin,https://ef88e61230a7f9cdaa979b6268878856.r2.cloudflarestorage.com/beam-xfer-test/destinations/backup/studio/100gib-20gib-source-20260719023016-d2.bin,3715.2,2026-07-28 18:19:25.089,3715.2,341,21feeba6-88c8-43
35577fec-f011-4d,https://ef88e61230a7f9cdaa979b6268878856.r2.cloudflarestorage.com/beam-xfer-test/source/ecx_20_b_gb.bin,https://ef88e61230a7f9cdaa979b6268878856.r2.cloudflarestorage.com/beam-xfer-test/destinations/backup/studio/100gib-20gib-source-20260719023016-d2.bin,3806.1,2026-07-28 18:19:25.181,3806.1,303,de79cdf6-e647-44
757f381e-dc3f-40,https://ef88e61230a7f9cdaa979b6268878856.r2.cloudflarestorage.com/beam-xfer-test/source/ecx_20_b_gb.bin,https://ef88e61230a7f9cdaa979b6268878856.r2.cloudflarestorage.com/beam-xfer-test/destinations/primary/studio/100gib-20gib-source-20260719023016-d1.bin,4025.3,2026-07-28 18:19:25.405,4025.3,123,677b564e-a1b6-45
bfae6c43-fd63-4f,https://ef88e61230a7f9cdaa979b6268878856.r2.cloudflarestorage.com/beam-xfer-test/source/ecx_20_b_gb.bin,https://ef88e61230a7f9cdaa979b6268878856.r2.cloudflarestorage.com/beam-xfer-test/destinations/primary/studio/100gib-20gib-source-20260719023016-d1.bin,1817.1,2026-07-28 18:19:25.451,1817.1,493,f02c1c70-2823-40
7abd699c-e2a0-45,https://ef88e61230a7f9cdaa979b6268878856.r2.cloudflarestorage.com/beam-xfer-test/source/ecx_20_b_gb.bin,https://ef88e61230a7f9cdaa979b6268878856.r2.cloudflarestorage.com/beam-xfer-test/destinations/backup/studio/100gib-20gib-source-20260719023016-d2.bin,2025.5,2026-07-28 18:19:25.568,2025.5,459,321ae1e0-2d8b-48
eeb803e6-5d13-4f,https://ef88e61230a7f9cdaa979b6268878856.r2.cloudflarestorage.com/beam-xfer-test/source/ecx_20_b_gb.bin,https://ef88e61230a7f9cdaa979b6268878856.r2.cloudflarestorage.com/beam-xfer-test/destinations/primary/studio/100gib-20gib-source-20260719023016-d1.bin,4219.7,2026-07-28 18:19:25.601,4219.7,112,e7e69233-936e-40
0bbd98ce-9c9a-4f,https://ef88e61230a7f9cdaa979b6268878856.r2.cloudflarestorage.com/beam-xfer-test/source/ecx_20_b_gb.bin,https://ef88e61230a7f9cdaa979b6268878856.r2.cloudflarestorage.com/beam-xfer-test/destinations/backup8/studio/100gib-20gib-source-20260719023016-d5.bin,4339.7,2026-07-28 18:19:25.722,4339.7,203,ab43fb7f-94c7-45
f6ba0149-0007-4c,https://ef88e61230a7f9cdaa979b6268878856.r2.cloudflarestorage.com/beam-xfer-test/source/ecx_20_b_gb.bin,https://ef88e61230a7f9cdaa979b6268878856.r2.cloudflarestorage.com/beam-xfer-test/destinations/backup2/studio/100gib-20gib-source-20260719023016-d3.bin,1290.8,2026-07-28 18:19:36.868,1290.8,365,6a1beec6-33c2-4d
35577fec-f011-4d,https://ef88e61230a7f9cdaa979b6268878856.r2.cloudflarestorage.com/beam-xfer-test/source/ecx_20_b_gb.bin,https://ef88e61230a7f9cdaa979b6268878856.r2.cloudflarestorage.com/beam-xfer-test/destinations/backup8/studio/100gib-20gib-source-20260719023016-d5.bin,1028.4,2026-07-28 18:49:20.542,1028.4,190,a1c84fa3-2e28-4f
757f381e-dc3f-40,https://ef88e61230a7f9cdaa979b6268878856.r2.cloudflarestorage.com/beam-xfer-test/source/ecx_20_b_gb.bin,https://ef88e61230a7f9cdaa979b6268878856.r2.cloudflarestorage.com/beam-xfer-test/destinations/backup8/studio/100gib-20gib-source-20260719023016-d5.bin,1283.6,2026-07-28 18:49:20.802,1283.6,361,4f5fe53f-69bf-4c
f02e6fae-e0dc-48,https://ef88e61230a7f9cdaa979b6268878856.r2.cloudflarestorage.com/beam-xfer-test/source/ecx_20_b_gb.bin,https://ef88e61230a7f9cdaa979b6268878856.r2.cloudflarestorage.com/beam-xfer-test/destinations/backup/studio/100gib-20gib-source-20260719023016-d2.bin,1299.9,2026-07-28 18:49:20.816,1299.9,42,879d8644-308a-46
9167460c-b3ef-43,https://ef88e61230a7f9cdaa979b6268878856.r2.cloudflarestorage.com/beam-xfer-test/source/ecx_20_b_gb.bin,https://ef88e61230a7f9cdaa979b6268878856.r2.cloudflarestorage.com/beam-xfer-test/destinations/backup3/studio/100gib-20gib-source-20260719023016-d4.bin,1393.9,2026-07-28 18:49:20.912,1393.9,260,25b601e8-4b33-4a
acf033ca-eeaf-42,https://ef88e61230a7f9cdaa979b6268878856.r2.cloudflarestorage.com/beam-xfer-test/source/ecx_20_b_gb.bin,https://ef88e61230a7f9cdaa979b6268878856.r2.cloudflarestorage.com/beam-xfer-test/destinations/backup/studio/100gib-20gib-source-20260719023016-d2.bin,1425.4,2026-07-28 18:49:20.936,1425.4,141,3019c3c1-939d-48
8190b41a-a59f-4f,https://ef88e61230a7f9cdaa979b6268878856.r2.cloudflarestorage.com/beam-xfer-test/source/ecx_20_b_gb.bin,https://ef88e61230a7f9cdaa979b6268878856.r2.cloudflarestorage.com/beam-xfer-test/destinations/primary/studio/100gib-20gib-source-20260719023016-d1.bin,1585.3,2026-07-28 18:49:21.099,1585.3,341,be4386ce-e089-40
54585999-049f-42,https://ef88e61230a7f9cdaa979b6268878856.r2.cloudflarestorage.com/beam-xfer-test/source/ecx_20_b_gb.bin,https://ef88e61230a7f9cdaa979b6268878856.r2.cloudflarestorage.com/beam-xfer-test/destinations/primary/studio/100gib-20gib-source-20260719023016-d1.bin,1718.9,2026-07-28 18:49:21.231,1718.9,235,48c70c02-29e4-4f
7abd699c-e2a0-45,https://ef88e61230a7f9cdaa979b6268878856.r2.cloudflarestorage.com/beam-xfer-test/source/ecx_20_b_gb.bin,https://ef88e61230a7f9cdaa979b6268878856.r2.cloudflarestorage.com/beam-xfer-test/destinations/backup/studio/100gib-20gib-source-20260719023016-d2.bin,1717.1,2026-07-28 18:49:21.232,1717.1,386,8f3c76aa-4f3a-46
e4f5d18d-cb07-4b,https://ef88e61230a7f9cdaa979b6268878856.r2.cloudflarestorage.com/beam-xfer-test/source/ecx_20_b_gb.bin,https://ef88e61230a7f9cdaa979b6268878856.r2.cloudflarestorage.com/beam-xfer-test/destinations/backup2/studio/100gib-20gib-source-20260719023016-d3.bin,1780.6,2026-07-28 18:49:21.288,1780.6,214,7624624b-7fff-47
34aeda10-164d-42,https://ef88e61230a7f9cdaa979b6268878856.r2.cloudflarestorage.com/beam-xfer-test/source/ecx_20_b_gb.bin,https://ef88e61230a7f9cdaa979b6268878856.r2.cloudflarestorage.com/beam-xfer-test/destinations/primary/studio/100gib-20gib-source-20260719023016-d1.bin,1784.9,2026-07-28 18:49:21.298,1784.9,243,ac6e69d3-fcec-4e
bfae6c43-fd63-4f,https://ef88e61230a7f9cdaa979b6268878856.r2.cloudflarestorage.com/beam-xfer-test/source/ecx_20_b_gb.bin,https://ef88e61230a7f9cdaa979b6268878856.r2.cloudflarestorage.com/beam-xfer-test/destinations/backup/studio/100gib-20gib-source-20260719023016-d2.bin,1825.2,2026-07-28 18:49:21.335,1825.2,392,bb4bad7d-291f-43
eeb803e6-5d13-4f,https://ef88e61230a7f9cdaa979b6268878856.r2.cloudflarestorage.com/beam-xfer-test/source/ecx_20_b_gb.bin,https://ef88e61230a7f9cdaa979b6268878856.r2.cloudflarestorage.com/beam-xfer-test/destinations/primary/studio/100gib-20gib-source-20260719023016-d1.bin,1869.3,2026-07-28 18:49:21.389,1869.3,56,e6d3da55-7442-45
acb95b61-bfaa-47,https://ef88e61230a7f9cdaa979b6268878856.r2.cloudflarestorage.com/beam-xfer-test/source/ecx_20_b_gb.bin,https://ef88e61230a7f9cdaa979b6268878856.r2.cloudflarestorage.com/beam-xfer-test/destinations/backup8/studio/100gib-20gib-source-20260719023016-d5.bin,1151.7,2026-07-28 18:49:21.493,1151.7,429,2ac75e90-7da5-48
e778c394-2261-42,https://ef88e61230a7f9cdaa979b6268878856.r2.cloudflarestorage.com/beam-xfer-test/source/ecx_20_b_gb.bin,https://ef88e61230a7f9cdaa979b6268878856.r2.cloudflarestorage.com/beam-xfer-test/destinations/backup3/studio/100gib-20gib-source-20260719023016-d4.bin,2136.2,2026-07-28 18:49:21.645,2136.2,311,4ff91c83-988b-47
cc08774a-ed4d-41,https://ef88e61230a7f9cdaa979b6268878856.r2.cloudflarestorage.com/beam-xfer-test/source/ecx_20_b_gb.bin,https://ef88e61230a7f9cdaa979b6268878856.r2.cloudflarestorage.com/beam-xfer-test/destinations/backup3/studio/100gib-20gib-source-20260719023016-d4.bin,2227.2,2026-07-28 18:49:21.743,2227.2,130,97ec686f-4c09-41
3f5f0849-4f68-4b,https://ef88e61230a7f9cdaa979b6268878856.r2.cloudflarestorage.com/beam-xfer-test/source/ecx_20_b_gb.bin,https://ef88e61230a7f9cdaa979b6268878856.r2.cloudflarestorage.com/beam-xfer-test/destinations/backup8/studio/100gib-20gib-source-20260719023016-d5.bin,2263.1,2026-07-28 18:49:21.773,2263.1,11,0cfcca72-e78a-46
0bbd98ce-9c9a-4f,https://ef88e61230a7f9cdaa979b6268878856.r2.cloudflarestorage.com/beam-xfer-test/source/ecx_20_b_gb.bin,https://ef88e61230a7f9cdaa979b6268878856.r2.cloudflarestorage.com/beam-xfer-test/destinations/primary/studio/100gib-20gib-source-20260719023016-d1.bin,1496.2,2026-07-28 18:49:21.836,1496.2,495,fbc3d2fb-8ebb-44
4a858378-4596-41,https://ef88e61230a7f9cdaa979b6268878856.r2.cloudflarestorage.com/beam-xfer-test/source/ecx_20_b_gb.bin,https://ef88e61230a7f9cdaa979b6268878856.r2.cloudflarestorage.com/beam-xfer-test/destinations/backup2/studio/100gib-20gib-source-20260719023016-d3.bin,2391.6,2026-07-28 18:49:21.910,2391.6,23,c5ec3396-46fb-43
757f381e-dc3f-40,https://ef88e61230a7f9cdaa979b6268878856.r2.cloudflarestorage.com/beam-xfer-test/source/ecx_20_b_gb.bin,https://ef88e61230a7f9cdaa979b6268878856.r2.cloudflarestorage.com/beam-xfer-test/destinations/backup8/studio/100gib-20gib-source-20260719023016-d5.bin,1268.7,2026-07-28 18:49:22.074,1268.7,479,32bce527-611f-43
35577fec-f011-4d,https://ef88e61230a7f9cdaa979b6268878856.r2.cloudflarestorage.com/beam-xfer-test/source/ecx_20_b_gb.bin,https://ef88e61230a7f9cdaa979b6268878856.r2.cloudflarestorage.com/beam-xfer-test/destinations/primary/studio/100gib-20gib-source-20260719023016-d1.bin,1769.3,2026-07-28 18:49:22.314,1769.3,441,a7cf10c8-742f-48
f6ba0149-0007-4c,https://ef88e61230a7f9cdaa979b6268878856.r2.cloudflarestorage.com/beam-xfer-test/source/ecx_20_b_gb.bin,https://ef88e61230a7f9cdaa979b6268878856.r2.cloudflarestorage.com/beam-xfer-test/destinations/backup8/studio/100gib-20gib-source-20260719023016-d5.bin,2828.3,2026-07-28 18:49:22.334,2828.3,358,6048d5a6-b262-45
44771ea8-f706-4c,https://ef88e61230a7f9cdaa979b6268878856.r2.cloudflarestorage.com/beam-xfer-test/source/ecx_20_b_gb.bin,https://ef88e61230a7f9cdaa979b6268878856.r2.cloudflarestorage.com/beam-xfer-test/destinations/primary/studio/100gib-20gib-source-20260719023016-d1.bin,3868.3,2026-07-28 18:49:23.388,3868.3,228,f7051db0-310c-4e
e4f5d18d-cb07-4b,https://ef88e61230a7f9cdaa979b6268878856.r2.cloudflarestorage.com/beam-xfer-test/source/ecx_20_b_gb.bin,https://ef88e61230a7f9cdaa979b6268878856.r2.cloudflarestorage.com/beam-xfer-test/destinations/backup2/studio/100gib-20gib-source-20260719023016-d3.bin,1253.2,2026-07-28 19:19:18.532,1253.2,95,89129650-8b93-4f
35577fec-f011-4d,https://ef88e61230a7f9cdaa979b6268878856.r2.cloudflarestorage.com/beam-xfer-test/source/ecx_20_b_gb.bin,https://ef88e61230a7f9cdaa979b6268878856.r2.cloudflarestorage.com/beam-xfer-test/destinations/backup8/studio/100gib-20gib-source-20260719023016-d5.bin,1285.3,2026-07-28 19:19:18.565,1285.3,139,9717e3a6-1a79-40
9167460c-b3ef-43,https://ef88e61230a7f9cdaa979b6268878856.r2.cloudflarestorage.com/beam-xfer-test/source/ecx_20_b_gb.bin,https://ef88e61230a7f9cdaa979b6268878856.r2.cloudflarestorage.com/beam-xfer-test/destinations/primary/studio/100gib-20gib-source-20260719023016-d1.bin,1375.1,2026-07-28 19:19:18.662,1375.1,74,fb87c2da-cf28-40
8190b41a-a59f-4f,https://ef88e61230a7f9cdaa979b6268878856.r2.cloudflarestorage.com/beam-xfer-test/source/ecx_20_b_gb.bin,https://ef88e61230a7f9cdaa979b6268878856.r2.cloudflarestorage.com/beam-xfer-test/destinations/backup3/studio/100gib-20gib-source-20260719023016-d4.bin,1541.5,2026-07-28 19:19:18.826,1541.5,202,d5eedb4f-5a05-44
3f5f0849-4f68-4b,https://ef88e61230a7f9cdaa979b6268878856.r2.cloudflarestorage.com/beam-xfer-test/source/ecx_20_b_gb.bin,https://ef88e61230a7f9cdaa979b6268878856.r2.cloudflarestorage.com/beam-xfer-test/destinations/backup2/studio/100gib-20gib-source-20260719023016-d3.bin,1611.6,2026-07-28 19:19:18.895,1611.6,373,abe7a13b-d140-4e
acf033ca-eeaf-42,https://ef88e61230a7f9cdaa979b6268878856.r2.cloudflarestorage.com/beam-xfer-test/source/ecx_20_b_gb.bin,https://ef88e61230a7f9cdaa979b6268878856.r2.cloudflarestorage.com/beam-xfer-test/destinations/backup3/studio/100gib-20gib-source-20260719023016-d4.bin,1678.3,2026-07-28 19:19:18.959,1678.3,152,b120ceb6-5ccb-4b
cc08774a-ed4d-41,https://ef88e61230a7f9cdaa979b6268878856.r2.cloudflarestorage.com/beam-xfer-test/source/ecx_20_b_gb.bin,https://ef88e61230a7f9cdaa979b6268878856.r2.cloudflarestorage.com/beam-xfer-test/destinations/backup/studio/100gib-20gib-source-20260719023016-d2.bin,1704.6,2026-07-28 19:19:18.991,1704.6,64,5df86c5d-aebd-41
4a858378-4596-41,https://ef88e61230a7f9cdaa979b6268878856.r2.cloudflarestorage.com/beam-xfer-test/source/ecx_20_b_gb.bin,https://ef88e61230a7f9cdaa979b6268878856.r2.cloudflarestorage.com/beam-xfer-test/destinations/primary/studio/100gib-20gib-source-20260719023016-d1.bin,1916.7,2026-07-28 19:19:19.205,1916.7,382,f74ca3cb-c6d8-4d
bfae6c43-fd63-4f,https://ef88e61230a7f9cdaa979b6268878856.r2.cloudflarestorage.com/beam-xfer-test/source/ecx_20_b_gb.bin,https://ef88e61230a7f9cdaa979b6268878856.r2.cloudflarestorage.com/beam-xfer-test/destinations/backup8/studio/100gib-20gib-source-20260719023016-d5.bin,2022.3,2026-07-28 19:19:19.304,2022.3,4,046553a7-0c5b-4a
44771ea8-f706-4c,https://ef88e61230a7f9cdaa979b6268878856.r2.cloudflarestorage.com/beam-xfer-test/source/ecx_20_b_gb.bin,https://ef88e61230a7f9cdaa979b6268878856.r2.cloudflarestorage.com/beam-xfer-test/destinations/backup2/studio/100gib-20gib-source-20260719023016-d3.bin,1121.4,2026-07-28 19:19:19.370,1121.4,484,85588ef4-f417-45
f6ba0149-0007-4c,https://ef88e61230a7f9cdaa979b6268878856.r2.cloudflarestorage.com/beam-xfer-test/source/ecx_20_b_gb.bin,https://ef88e61230a7f9cdaa979b6268878856.r2.cloudflarestorage.com/beam-xfer-test/destinations/primary/studio/100gib-20gib-source-20260719023016-d1.bin,2262.6,2026-07-28 19:19:19.541,2262.6,274,dfecb144-247b-4b
34aeda10-164d-42,https://ef88e61230a7f9cdaa979b6268878856.r2.cloudflarestorage.com/beam-xfer-test/source/ecx_20_b_gb.bin,https://ef88e61230a7f9cdaa979b6268878856.r2.cloudflarestorage.com/beam-xfer-test/destinations/backup2/studio/100gib-20gib-source-20260719023016-d3.bin,2394.6,2026-07-28 19:19:19.681,2394.6,283,1998d28a-9c11-47
54585999-049f-42,https://ef88e61230a7f9cdaa979b6268878856.r2.cloudflarestorage.com/beam-xfer-test/source/ecx_20_b_gb.bin,https://ef88e61230a7f9cdaa979b6268878856.r2.cloudflarestorage.com/beam-xfer-test/destinations/primary/studio/100gib-20gib-source-20260719023016-d1.bin,2407.5,2026-07-28 19:19:19.690,2407.5,3,7b485b60-826e-47
35577fec-f011-4d,https://ef88e61230a7f9cdaa979b6268878856.r2.cloudflarestorage.com/beam-xfer-test/source/ecx_20_b_gb.bin,https://ef88e61230a7f9cdaa979b6268878856.r2.cloudflarestorage.com/beam-xfer-test/destinations/backup2/studio/100gib-20gib-source-20260719023016-d3.bin,1176.4,2026-07-28 19:19:19.744,1176.4,488,00217b6c-7d0b-4d
757f381e-dc3f-40,https://ef88e61230a7f9cdaa979b6268878856.r2.cloudflarestorage.com/beam-xfer-test/source/ecx_20_b_gb.bin,https://ef88e61230a7f9cdaa979b6268878856.r2.cloudflarestorage.com/beam-xfer-test/destinations/backup/studio/100gib-20gib-source-20260719023016-d2.bin,2587.1,2026-07-28 19:19:19.871,2587.1,314,af12b4e4-11ef-4e
f02e6fae-e0dc-48,https://ef88e61230a7f9cdaa979b6268878856.r2.cloudflarestorage.com/beam-xfer-test/source/ecx_20_b_gb.bin,https://ef88e61230a7f9cdaa979b6268878856.r2.cloudflarestorage.com/beam-xfer-test/destinations/backup8/studio/100gib-20gib-source-20260719023016-d5.bin,2609.1,2026-07-28 19:19:19.893,2609.1,379,d2f4b225-303a-48
7abd699c-e2a0-45,https://ef88e61230a7f9cdaa979b6268878856.r2.cloudflarestorage.com/beam-xfer-test/source/ecx_20_b_gb.bin,https://ef88e61230a7f9cdaa979b6268878856.r2.cloudflarestorage.com/beam-xfer-test/destinations/backup3/studio/100gib-20gib-source-20260719023016-d4.bin,2658.6,2026-07-28 19:19:19.945,2658.6,198,91a37f06-e4fe-4a
0bbd98ce-9c9a-4f,https://ef88e61230a7f9cdaa979b6268878856.r2.cloudflarestorage.com/beam-xfer-test/source/ecx_20_b_gb.bin,https://ef88e61230a7f9cdaa979b6268878856.r2.cloudflarestorage.com/beam-xfer-test/destinations/backup3/studio/100gib-20gib-source-20260719023016-d4.bin,2776.9,2026-07-28 19:19:20.065,2776.9,15,daef14ba-1742-4e
acb95b61-bfaa-47,https://ef88e61230a7f9cdaa979b6268878856.r2.cloudflarestorage.com/beam-xfer-test/source/ecx_20_b_gb.bin,https://ef88e61230a7f9cdaa979b6268878856.r2.cloudflarestorage.com/beam-xfer-test/destinations/backup8/studio/100gib-20gib-source-20260719023016-d5.bin,2946.9,2026-07-28 19:19:20.230,2946.9,186,594dc208-4732-4b
e4f5d18d-cb07-4b,https://ef88e61230a7f9cdaa979b6268878856.r2.cloudflarestorage.com/beam-xfer-test/source/ecx_20_b_gb.bin,https://ef88e61230a7f9cdaa979b6268878856.r2.cloudflarestorage.com/beam-xfer-test/destinations/backup2/studio/100gib-20gib-source-20260719023016-d3.bin,2029.8,2026-07-28 19:19:20.565,2029.8,435,ee1b217f-ff97-48
e778c394-2261-42,https://ef88e61230a7f9cdaa979b6268878856.r2.cloudflarestorage.com/beam-xfer-test/source/ecx_20_b_gb.bin,https://ef88e61230a7f9cdaa979b6268878856.r2.cloudflarestorage.com/beam-xfer-test/destinations/backup2/studio/100gib-20gib-source-20260719023016-d3.bin,3537.3,2026-07-28 19:19:20.819,3537.3,132,4866fb54-176c-4a
eeb803e6-5d13-4f,https://ef88e61230a7f9cdaa979b6268878856.r2.cloudflarestorage.com/beam-xfer-test/source/ecx_20_b_gb.bin,https://ef88e61230a7f9cdaa979b6268878856.r2.cloudflarestorage.com/beam-xfer-test/destinations/primary/studio/100gib-20gib-source-20260719023016-d1.bin,2882.4,2026-07-28 19:19:21.130,2882.4,455,0ed46b7e-f6e8-47
35577fec-f011-4d,https://ef88e61230a7f9cdaa979b6268878856.r2.cloudflarestorage.com/beam-xfer-test/source/ecx_20_b_gb.bin,https://ef88e61230a7f9cdaa979b6268878856.r2.cloudflarestorage.com/beam-xfer-test/destinations/backup2/studio/100gib-20gib-source-20260719023016-d3.bin,1135.6,2026-07-28 19:19:33.421,1135.6,224,9e4aadc4-23e2-4d
acb95b61-bfaa-47,https://ef88e61230a7f9cdaa979b6268878856.r2.cloudflarestorage.com/beam-xfer-test/source/ecx_20_b_gb.bin,https://ef88e61230a7f9cdaa979b6268878856.r2.cloudflarestorage.com/beam-xfer-test/destinations/backup/studio/100gib-20gib-source-20260719023016-d2.bin,1155.4,2026-07-28 19:49:21.510,1155.4,189,33cf014b-9cde-4e
3f5f0849-4f68-4b,https://ef88e61230a7f9cdaa979b6268878856.r2.cloudflarestorage.com/beam-xfer-test/source/ecx_20_b_gb.bin,https://ef88e61230a7f9cdaa979b6268878856.r2.cloudflarestorage.com/beam-xfer-test/destinations/backup8/studio/100gib-20gib-source-20260719023016-d5.bin,1218.4,2026-07-28 19:49:21.566,1218.4,95,2abd2eb2-d2e1-4d
44771ea8-f706-4c,https://ef88e61230a7f9cdaa979b6268878856.r2.cloudflarestorage.com/beam-xfer-test/source/ecx_20_b_gb.bin,https://ef88e61230a7f9cdaa979b6268878856.r2.cloudflarestorage.com/beam-xfer-test/destinations/backup3/studio/100gib-20gib-source-20260719023016-d4.bin,1231.2,2026-07-28 19:49:21.578,1231.2,245,216e2e08-bb1b-45
7abd699c-e2a0-45,https://ef88e61230a7f9cdaa979b6268878856.r2.cloudflarestorage.com/beam-xfer-test/source/ecx_20_b_gb.bin,https://ef88e61230a7f9cdaa979b6268878856.r2.cloudflarestorage.com/beam-xfer-test/destinations/backup/studio/100gib-20gib-source-20260719023016-d2.bin,1222.1,2026-07-28 19:49:21.579,1222.1,368,ca496385-bdf2-47
f6ba0149-0007-4c,https://ef88e61230a7f9cdaa979b6268878856.r2.cloudflarestorage.com/beam-xfer-test/source/ecx_20_b_gb.bin,https://ef88e61230a7f9cdaa979b6268878856.r2.cloudflarestorage.com/beam-xfer-test/destinations/backup/studio/100gib-20gib-source-20260719023016-d2.bin,1352.7,2026-07-28 19:49:21.698,1352.7,181,c1eb6b54-ed99-4b
bfae6c43-fd63-4f,https://ef88e61230a7f9cdaa979b6268878856.r2.cloudflarestorage.com/beam-xfer-test/source/ecx_20_b_gb.bin,https://ef88e61230a7f9cdaa979b6268878856.r2.cloudflarestorage.com/beam-xfer-test/destinations/backup2/studio/100gib-20gib-source-20260719023016-d3.bin,1529.6,2026-07-28 19:49:21.877,1529.6,154,29801f37-1245-4c
acf033ca-eeaf-42,https://ef88e61230a7f9cdaa979b6268878856.r2.cloudflarestorage.com/beam-xfer-test/source/ecx_20_b_gb.bin,https://ef88e61230a7f9cdaa979b6268878856.r2.cloudflarestorage.com/beam-xfer-test/destinations/primary/studio/100gib-20gib-source-20260719023016-d1.bin,1582.5,2026-07-28 19:49:21.928,1582.5,402,39599568-838c-49
e4f5d18d-cb07-4b,https://ef88e61230a7f9cdaa979b6268878856.r2.cloudflarestorage.com/beam-xfer-test/source/ecx_20_b_gb.bin,https://ef88e61230a7f9cdaa979b6268878856.r2.cloudflarestorage.com/beam-xfer-test/destinations/primary/studio/100gib-20gib-source-20260719023016-d1.bin,1621.4,2026-07-28 19:49:21.966,1621.4,75,a5f91b01-4bf7-4a
35577fec-f011-4d,https://ef88e61230a7f9cdaa979b6268878856.r2.cloudflarestorage.com/beam-xfer-test/source/ecx_20_b_gb.bin,https://ef88e61230a7f9cdaa979b6268878856.r2.cloudflarestorage.com/beam-xfer-test/destinations/backup2/studio/100gib-20gib-source-20260719023016-d3.bin,1752.4,2026-07-28 19:49:22.095,1752.4,283,5dfdb763-fe38-43
34aeda10-164d-42,https://ef88e61230a7f9cdaa979b6268878856.r2.cloudflarestorage.com/beam-xfer-test/source/ecx_20_b_gb.bin,https://ef88e61230a7f9cdaa979b6268878856.r2.cloudflarestorage.com/beam-xfer-test/destinations/backup2/studio/100gib-20gib-source-20260719023016-d3.bin,1750.8,2026-07-28 19:49:22.105,1750.8,285,fa68ea78-50f8-49
757f381e-dc3f-40,https://ef88e61230a7f9cdaa979b6268878856.r2.cloudflarestorage.com/beam-xfer-test/source/ecx_20_b_gb.bin,https://ef88e61230a7f9cdaa979b6268878856.r2.cloudflarestorage.com/beam-xfer-test/destinations/backup/studio/100gib-20gib-source-20260719023016-d2.bin,1743.5,2026-07-28 19:49:22.321,1743.5,371,f063ab7d-7b20-4b
e778c394-2261-42,https://ef88e61230a7f9cdaa979b6268878856.r2.cloudflarestorage.com/beam-xfer-test/source/ecx_20_b_gb.bin,https://ef88e61230a7f9cdaa979b6268878856.r2.cloudflarestorage.com/beam-xfer-test/destinations/primary/studio/100gib-20gib-source-20260719023016-d1.bin,2067.6,2026-07-28 19:49:22.419,2067.6,69,9bfe27cf-17bb-48
cc08774a-ed4d-41,https://ef88e61230a7f9cdaa979b6268878856.r2.cloudflarestorage.com/beam-xfer-test/source/ecx_20_b_gb.bin,https://ef88e61230a7f9cdaa979b6268878856.r2.cloudflarestorage.com/beam-xfer-test/destinations/backup8/studio/100gib-20gib-source-20260719023016-d5.bin,2089.3,2026-07-28 19:49:22.444,2089.3,86,eb774698-07dc-42
acb95b61-bfaa-47,https://ef88e61230a7f9cdaa979b6268878856.r2.cloudflarestorage.com/beam-xfer-test/source/ecx_20_b_gb.bin,https://ef88e61230a7f9cdaa979b6268878856.r2.cloudflarestorage.com/beam-xfer-test/destinations/backup3/studio/100gib-20gib-source-20260719023016-d4.bin,1120.1,2026-07-28 19:49:22.634,1120.1,463,aa312fd3-78f0-41
8190b41a-a59f-4f,https://ef88e61230a7f9cdaa979b6268878856.r2.cloudflarestorage.com/beam-xfer-test/source/ecx_20_b_gb.bin,https://ef88e61230a7f9cdaa979b6268878856.r2.cloudflarestorage.com/beam-xfer-test/destinations/backup8/studio/100gib-20gib-source-20260719023016-d5.bin,2374.4,2026-07-28 19:49:22.723,2374.4,166,8be6ceda-a480-4a
9167460c-b3ef-43,https://ef88e61230a7f9cdaa979b6268878856.r2.cloudflarestorage.com/beam-xfer-test/source/ecx_20_b_gb.bin,https://ef88e61230a7f9cdaa979b6268878856.r2.cloudflarestorage.com/beam-xfer-test/destinations/backup2/studio/100gib-20gib-source-20260719023016-d3.bin,2514.3,2026-07-28 19:49:22.863,2514.3,66,df7d146d-88dd-43
f02e6fae-e0dc-48,https://ef88e61230a7f9cdaa979b6268878856.r2.cloudflarestorage.com/beam-xfer-test/source/ecx_20_b_gb.bin,https://ef88e61230a7f9cdaa979b6268878856.r2.cloudflarestorage.com/beam-xfer-test/destinations/backup/studio/100gib-20gib-source-20260719023016-d2.bin,2678.1,2026-07-28 19:49:23.031,2678.1,98,57d49fa9-a91b-42
eeb803e6-5d13-4f,https://ef88e61230a7f9cdaa979b6268878856.r2.cloudflarestorage.com/beam-xfer-test/source/ecx_20_b_gb.bin,https://ef88e61230a7f9cdaa979b6268878856.r2.cloudflarestorage.com/beam-xfer-test/destinations/backup/studio/100gib-20gib-source-20260719023016-d2.bin,1806.6,2026-07-28 19:49:23.075,1806.6,468,89aa8d66-1494-48
54585999-049f-42,https://ef88e61230a7f9cdaa979b6268878856.r2.cloudflarestorage.com/beam-xfer-test/source/ecx_20_b_gb.bin,https://ef88e61230a7f9cdaa979b6268878856.r2.cloudflarestorage.com/beam-xfer-test/destinations/backup/studio/100gib-20gib-source-20260719023016-d2.bin,2780.7,2026-07-28 19:49:23.130,2780.7,389,7bbc3b52-66ab-48
4a858378-4596-41,https://ef88e61230a7f9cdaa979b6268878856.r2.cloudflarestorage.com/beam-xfer-test/source/ecx_20_b_gb.bin,https://ef88e61230a7f9cdaa979b6268878856.r2.cloudflarestorage.com/beam-xfer-test/destinations/primary/studio/100gib-20gib-source-20260719023016-d1.bin,3020.3,2026-07-28 19:49:23.377,3020.3,16,3f6fe34e-c5b3-4c
0bbd98ce-9c9a-4f,https://ef88e61230a7f9cdaa979b6268878856.r2.cloudflarestorage.com/beam-xfer-test/source/ecx_20_b_gb.bin,https://ef88e61230a7f9cdaa979b6268878856.r2.cloudflarestorage.com/beam-xfer-test/destinations/backup3/studio/100gib-20gib-source-20260719023016-d4.bin,2145.0,2026-07-28 19:49:23.412,2145.0,477,9124cfc3-5908-47
3f5f0849-4f68-4b,https://ef88e61230a7f9cdaa979b6268878856.r2.cloudflarestorage.com/beam-xfer-test/source/ecx_20_b_gb.bin,https://ef88e61230a7f9cdaa979b6268878856.r2.cloudflarestorage.com/beam-xfer-test/destinations/backup8/studio/100gib-20gib-source-20260719023016-d5.bin,1880.0,2026-07-28 19:49:23.448,1880.0,426,de579994-ea53-4e
35577fec-f011-4d,https://ef88e61230a7f9cdaa979b6268878856.r2.cloudflarestorage.com/beam-xfer-test/source/ecx_20_b_gb.bin,https://ef88e61230a7f9cdaa979b6268878856.r2.cloudflarestorage.com/beam-xfer-test/destinations/backup8/studio/100gib-20gib-source-20260719023016-d5.bin,1317.6,2026-07-28 19:49:36.702,1317.6,338,2d39fa0c-88c9-4e
acb95b61-bfaa-47,https://ef88e61230a7f9cdaa979b6268878856.r2.cloudflarestorage.com/beam-xfer-test/source/ecx_20_b_gb.bin,https://ef88e61230a7f9cdaa979b6268878856.r2.cloudflarestorage.com/beam-xfer-test/destinations/backup8/studio/100gib-20gib-source-20260719023016-d5.bin,1206.3,2026-07-28 20:19:22.780,1206.3,266,b379acc0-0a6b-4d
9167460c-b3ef-43,https://ef88e61230a7f9cdaa979b6268878856.r2.cloudflarestorage.com/beam-xfer-test/source/ecx_20_b_gb.bin,https://ef88e61230a7f9cdaa979b6268878856.r2.cloudflarestorage.com/beam-xfer-test/destinations/primary/studio/100gib-20gib-source-20260719023016-d1.bin,1517.5,2026-07-28 20:19:23.098,1517.5,108,e37508c1-eab0-4e
757f381e-dc3f-40,https://ef88e61230a7f9cdaa979b6268878856.r2.cloudflarestorage.com/beam-xfer-test/source/ecx_20_b_gb.bin,https://ef88e61230a7f9cdaa979b6268878856.r2.cloudflarestorage.com/beam-xfer-test/destinations/backup2/studio/100gib-20gib-source-20260719023016-d3.bin,1540.1,2026-07-28 20:19:23.118,1540.1,347,a6649b8d-251c-4c
f02e6fae-e0dc-48,https://ef88e61230a7f9cdaa979b6268878856.r2.cloudflarestorage.com/beam-xfer-test/source/ecx_20_b_gb.bin,https://ef88e61230a7f9cdaa979b6268878856.r2.cloudflarestorage.com/beam-xfer-test/destinations/backup3/studio/100gib-20gib-source-20260719023016-d4.bin,1631.7,2026-07-28 20:19:23.214,1631.7,84,090c4c77-3c1c-4e
7abd699c-e2a0-45,https://ef88e61230a7f9cdaa979b6268878856.r2.cloudflarestorage.com/beam-xfer-test/source/ecx_20_b_gb.bin,https://ef88e61230a7f9cdaa979b6268878856.r2.cloudflarestorage.com/beam-xfer-test/destinations/backup2/studio/100gib-20gib-source-20260719023016-d3.bin,1795.1,2026-07-28 20:19:23.373,1795.1,161,63598988-bfb6-4c
34aeda10-164d-42,https://ef88e61230a7f9cdaa979b6268878856.r2.cloudflarestorage.com/beam-xfer-test/source/ecx_20_b_gb.bin,https://ef88e61230a7f9cdaa979b6268878856.r2.cloudflarestorage.com/beam-xfer-test/destinations/backup8/studio/100gib-20gib-source-20260719023016-d5.bin,1806.3,2026-07-28 20:19:23.387,1806.3,308,e3a166c2-95e9-4c
e778c394-2261-42,https://ef88e61230a7f9cdaa979b6268878856.r2.cloudflarestorage.com/beam-xfer-test/source/ecx_20_b_gb.bin,https://ef88e61230a7f9cdaa979b6268878856.r2.cloudflarestorage.com/beam-xfer-test/destinations/backup8/studio/100gib-20gib-source-20260719023016-d5.bin,1809.9,2026-07-28 20:19:23.389,1809.9,327,fd9c3a69-6203-45
0bbd98ce-9c9a-4f,https://ef88e61230a7f9cdaa979b6268878856.r2.cloudflarestorage.com/beam-xfer-test/source/ecx_20_b_gb.bin,https://ef88e61230a7f9cdaa979b6268878856.r2.cloudflarestorage.com/beam-xfer-test/destinations/primary/studio/100gib-20gib-source-20260719023016-d1.bin,1955.2,2026-07-28 20:19:23.540,1955.2,244,c19b248e-c64a-45
acf033ca-eeaf-42,https://ef88e61230a7f9cdaa979b6268878856.r2.cloudflarestorage.com/beam-xfer-test/source/ecx_20_b_gb.bin,https://ef88e61230a7f9cdaa979b6268878856.r2.cloudflarestorage.com/beam-xfer-test/destinations/backup8/studio/100gib-20gib-source-20260719023016-d5.bin,1989.8,2026-07-28 20:19:23.565,1989.8,15,c713a801-b9d6-40
4a858378-4596-41,https://ef88e61230a7f9cdaa979b6268878856.r2.cloudflarestorage.com/beam-xfer-test/source/ecx_20_b_gb.bin,https://ef88e61230a7f9cdaa979b6268878856.r2.cloudflarestorage.com/beam-xfer-test/destinations/backup3/studio/100gib-20gib-source-20260719023016-d4.bin,2038.8,2026-07-28 20:19:23.622,2038.8,51,75c8dbe5-d8cf-4c
35577fec-f011-4d,https://ef88e61230a7f9cdaa979b6268878856.r2.cloudflarestorage.com/beam-xfer-test/source/ecx_20_b_gb.bin,https://ef88e61230a7f9cdaa979b6268878856.r2.cloudflarestorage.com/beam-xfer-test/destinations/backup/studio/100gib-20gib-source-20260719023016-d2.bin,2090.9,2026-07-28 20:19:23.662,2090.9,67,7d25e3b8-69c7-4b
bfae6c43-fd63-4f,https://ef88e61230a7f9cdaa979b6268878856.r2.cloudflarestorage.com/beam-xfer-test/source/ecx_20_b_gb.bin,https://ef88e61230a7f9cdaa979b6268878856.r2.cloudflarestorage.com/beam-xfer-test/destinations/backup3/studio/100gib-20gib-source-20260719023016-d4.bin,2119.5,2026-07-28 20:19:23.695,2119.5,215,2452ef86-d47d-43
e4f5d18d-cb07-4b,https://ef88e61230a7f9cdaa979b6268878856.r2.cloudflarestorage.com/beam-xfer-test/source/ecx_20_b_gb.bin,https://ef88e61230a7f9cdaa979b6268878856.r2.cloudflarestorage.com/beam-xfer-test/destinations/backup/studio/100gib-20gib-source-20260719023016-d2.bin,2152.7,2026-07-28 20:19:23.726,2152.7,157,d22f0f92-b5e7-47
eeb803e6-5d13-4f,https://ef88e61230a7f9cdaa979b6268878856.r2.cloudflarestorage.com/beam-xfer-test/source/ecx_20_b_gb.bin,https://ef88e61230a7f9cdaa979b6268878856.r2.cloudflarestorage.com/beam-xfer-test/destinations/primary/studio/100gib-20gib-source-20260719023016-d1.bin,1443.0,2026-07-28 20:19:23.790,1443.0,457,4c79a710-1643-4a
cc08774a-ed4d-41,https://ef88e61230a7f9cdaa979b6268878856.r2.cloudflarestorage.com/beam-xfer-test/source/ecx_20_b_gb.bin,https://ef88e61230a7f9cdaa979b6268878856.r2.cloudflarestorage.com/beam-xfer-test/destinations/primary/studio/100gib-20gib-source-20260719023016-d1.bin,2265.9,2026-07-28 20:19:23.848,2265.9,399,baef71c2-f843-4b
8190b41a-a59f-4f,https://ef88e61230a7f9cdaa979b6268878856.r2.cloudflarestorage.com/beam-xfer-test/source/ecx_20_b_gb.bin,https://ef88e61230a7f9cdaa979b6268878856.r2.cloudflarestorage.com/beam-xfer-test/destinations/backup/studio/100gib-20gib-source-20260719023016-d2.bin,2299.1,2026-07-28 20:19:23.876,2299.1,109,1e9752c3-92e4-45
3f5f0849-4f68-4b,https://ef88e61230a7f9cdaa979b6268878856.r2.cloudflarestorage.com/beam-xfer-test/source/ecx_20_b_gb.bin,https://ef88e61230a7f9cdaa979b6268878856.r2.cloudflarestorage.com/beam-xfer-test/destinations/backup3/studio/100gib-20gib-source-20260719023016-d4.bin,2386.1,2026-07-28 20:19:23.962,2386.1,279,2782f146-bfca-47
acb95b61-bfaa-47,https://ef88e61230a7f9cdaa979b6268878856.r2.cloudflarestorage.com/beam-xfer-test/source/ecx_20_b_gb.bin,https://ef88e61230a7f9cdaa979b6268878856.r2.cloudflarestorage.com/beam-xfer-test/destinations/primary/studio/100gib-20gib-source-20260719023016-d1.bin,1186.9,2026-07-28 20:19:23.970,1186.9,458,0c1b6912-37ee-4c
44771ea8-f706-4c,https://ef88e61230a7f9cdaa979b6268878856.r2.cloudflarestorage.com/beam-xfer-test/source/ecx_20_b_gb.bin,https://ef88e61230a7f9cdaa979b6268878856.r2.cloudflarestorage.com/beam-xfer-test/destinations/primary/studio/100gib-20gib-source-20260719023016-d1.bin,2651.3,2026-07-28 20:19:24.224,2651.3,377,b623c1db-ac9f-46
9167460c-b3ef-43,https://ef88e61230a7f9cdaa979b6268878856.r2.cloudflarestorage.com/beam-xfer-test/source/ecx_20_b_gb.bin,https://ef88e61230a7f9cdaa979b6268878856.r2.cloudflarestorage.com/beam-xfer-test/destinations/backup8/studio/100gib-20gib-source-20260719023016-d5.bin,1262.7,2026-07-28 20:19:24.364,1262.7,484,40fd8fbc-3e8d-4f
757f381e-dc3f-40,https://ef88e61230a7f9cdaa979b6268878856.r2.cloudflarestorage.com/beam-xfer-test/source/ecx_20_b_gb.bin,https://ef88e61230a7f9cdaa979b6268878856.r2.cloudflarestorage.com/beam-xfer-test/destinations/backup2/studio/100gib-20gib-source-20260719023016-d3.bin,1496.1,2026-07-28 20:19:24.617,1496.1,483,beec3cc7-6f8b-46
f6ba0149-0007-4c,https://ef88e61230a7f9cdaa979b6268878856.r2.cloudflarestorage.com/beam-xfer-test/source/ecx_20_b_gb.bin,https://ef88e61230a7f9cdaa979b6268878856.r2.cloudflarestorage.com/beam-xfer-test/destinations/backup/studio/100gib-20gib-source-20260719023016-d2.bin,3440.7,2026-07-28 20:19:25.015,3440.7,224,2d5c64da-3970-4b
54585999-049f-42,https://ef88e61230a7f9cdaa979b6268878856.r2.cloudflarestorage.com/beam-xfer-test/source/ecx_20_b_gb.bin,https://ef88e61230a7f9cdaa979b6268878856.r2.cloudflarestorage.com/beam-xfer-test/destinations/primary/studio/100gib-20gib-source-20260719023016-d1.bin,3640.9,2026-07-28 20:19:25.222,3640.9,321,f69097a8-8258-4d
acb95b61-bfaa-47,https://ef88e61230a7f9cdaa979b6268878856.r2.cloudflarestorage.com/beam-xfer-test/source/ecx_20_b_gb.bin,https://ef88e61230a7f9cdaa979b6268878856.r2.cloudflarestorage.com/beam-xfer-test/destinations/backup3/studio/100gib-20gib-source-20260719023016-d4.bin,1589.8,2026-07-28 20:19:38.151,1589.8,234,d7d81c94-0fed-47
35577fec-f011-4d,https://ef88e61230a7f9cdaa979b6268878856.r2.cloudflarestorage.com/beam-xfer-test/source/ecx_20_b_gb.bin,https://ef88e61230a7f9cdaa979b6268878856.r2.cloudflarestorage.com/beam-xfer-test/destinations/backup3/studio/100gib-20gib-source-20260719023016-d4.bin,1635.3,2026-07-28 20:19:38.988,1635.3,450,ed95f3c2-c692-4f
eeb803e6-5d13-4f,https://ef88e61230a7f9cdaa979b6268878856.r2.cloudflarestorage.com/beam-xfer-test/source/ecx_20_b_gb.bin,https://ef88e61230a7f9cdaa979b6268878856.r2.cloudflarestorage.com/beam-xfer-test/destinations/backup3/studio/100gib-20gib-source-20260719023016-d4.bin,1056.6,2026-07-28 20:49:20.015,1056.6,244,82bbd5e4-7d68-44
acb95b61-bfaa-47,https://ef88e61230a7f9cdaa979b6268878856.r2.cloudflarestorage.com/beam-xfer-test/source/ecx_20_b_gb.bin,https://ef88e61230a7f9cdaa979b6268878856.r2.cloudflarestorage.com/beam-xfer-test/destinations/backup3/studio/100gib-20gib-source-20260719023016-d4.bin,1160.7,2026-07-28 20:49:20.106,1160.7,169,9cc1a677-c62e-4b
8190b41a-a59f-4f,https://ef88e61230a7f9cdaa979b6268878856.r2.cloudflarestorage.com/beam-xfer-test/source/ecx_20_b_gb.bin,https://ef88e61230a7f9cdaa979b6268878856.r2.cloudflarestorage.com/beam-xfer-test/destinations/primary/studio/100gib-20gib-source-20260719023016-d1.bin,1200.3,2026-07-28 20:49:20.156,1200.3,85,093aae0c-3766-44
acf033ca-eeaf-42,https://ef88e61230a7f9cdaa979b6268878856.r2.cloudflarestorage.com/beam-xfer-test/source/ecx_20_b_gb.bin,https://ef88e61230a7f9cdaa979b6268878856.r2.cloudflarestorage.com/beam-xfer-test/destinations/backup2/studio/100gib-20gib-source-20260719023016-d3.bin,1424.5,2026-07-28 20:49:20.374,1424.5,200,2eb3f6df-7fe3-46
44771ea8-f706-4c,https://ef88e61230a7f9cdaa979b6268878856.r2.cloudflarestorage.com/beam-xfer-test/source/ecx_20_b_gb.bin,https://ef88e61230a7f9cdaa979b6268878856.r2.cloudflarestorage.com/beam-xfer-test/destinations/backup/studio/100gib-20gib-source-20260719023016-d2.bin,1427.8,2026-07-28 20:49:20.378,1427.8,130,50cfa0dc-e821-4c
35577fec-f011-4d,https://ef88e61230a7f9cdaa979b6268878856.r2.cloudflarestorage.com/beam-xfer-test/source/ecx_20_b_gb.bin,https://ef88e61230a7f9cdaa979b6268878856.r2.cloudflarestorage.com/beam-xfer-test/destinations/backup8/studio/100gib-20gib-source-20260719023016-d5.bin,1506.6,2026-07-28 20:49:20.453,1506.6,247,9cd04a80-df18-48
9167460c-b3ef-43,https://ef88e61230a7f9cdaa979b6268878856.r2.cloudflarestorage.com/beam-xfer-test/source/ecx_20_b_gb.bin,https://ef88e61230a7f9cdaa979b6268878856.r2.cloudflarestorage.com/beam-xfer-test/destinations/backup8/studio/100gib-20gib-source-20260719023016-d5.bin,1585.7,2026-07-28 20:49:20.537,1585.7,223,01d0ed13-785a-48
bfae6c43-fd63-4f,https://ef88e61230a7f9cdaa979b6268878856.r2.cloudflarestorage.com/beam-xfer-test/source/ecx_20_b_gb.bin,https://ef88e61230a7f9cdaa979b6268878856.r2.cloudflarestorage.com/beam-xfer-test/destinations/backup/studio/100gib-20gib-source-20260719023016-d2.bin,1596.8,2026-07-28 20:49:20.549,1596.8,112,c23ceac5-9875-4a
f6ba0149-0007-4c,https://ef88e61230a7f9cdaa979b6268878856.r2.cloudflarestorage.com/beam-xfer-test/source/ecx_20_b_gb.bin,https://ef88e61230a7f9cdaa979b6268878856.r2.cloudflarestorage.com/beam-xfer-test/destinations/backup3/studio/100gib-20gib-source-20260719023016-d4.bin,1752.7,2026-07-28 20:49:20.701,1752.7,183,944ef617-155b-43
3f5f0849-4f68-4b,https://ef88e61230a7f9cdaa979b6268878856.r2.cloudflarestorage.com/beam-xfer-test/source/ecx_20_b_gb.bin,https://ef88e61230a7f9cdaa979b6268878856.r2.cloudflarestorage.com/beam-xfer-test/destinations/backup8/studio/100gib-20gib-source-20260719023016-d5.bin,1796.2,2026-07-28 20:49:20.748,1796.2,14,3c47fd4e-206e-4b
54585999-049f-42,https://ef88e61230a7f9cdaa979b6268878856.r2.cloudflarestorage.com/beam-xfer-test/source/ecx_20_b_gb.bin,https://ef88e61230a7f9cdaa979b6268878856.r2.cloudflarestorage.com/beam-xfer-test/destinations/primary/studio/100gib-20gib-source-20260719023016-d1.bin,1867.1,2026-07-28 20:49:20.825,1867.1,226,69904c4d-9eef-4a
f02e6fae-e0dc-48,https://ef88e61230a7f9cdaa979b6268878856.r2.cloudflarestorage.com/beam-xfer-test/source/ecx_20_b_gb.bin,https://ef88e61230a7f9cdaa979b6268878856.r2.cloudflarestorage.com/beam-xfer-test/destinations/backup/studio/100gib-20gib-source-20260719023016-d2.bin,1882.4,2026-07-28 20:49:20.840,1882.4,67,dfc49ee8-e942-47
e4f5d18d-cb07-4b,https://ef88e61230a7f9cdaa979b6268878856.r2.cloudflarestorage.com/beam-xfer-test/source/ecx_20_b_gb.bin,https://ef88e61230a7f9cdaa979b6268878856.r2.cloudflarestorage.com/beam-xfer-test/destinations/backup/studio/100gib-20gib-source-20260719023016-d2.bin,1913.9,2026-07-28 20:49:20.861,1913.9,20,33f1d1b6-7408-43
acb95b61-bfaa-47,https://ef88e61230a7f9cdaa979b6268878856.r2.cloudflarestorage.com/beam-xfer-test/source/ecx_20_b_gb.bin,https://ef88e61230a7f9cdaa979b6268878856.r2.cloudflarestorage.com/beam-xfer-test/destinations/backup2/studio/100gib-20gib-source-20260719023016-d3.bin,1062.8,2026-07-28 20:49:21.173,1062.8,462,406deab3-ac99-44
7abd699c-e2a0-45,https://ef88e61230a7f9cdaa979b6268878856.r2.cloudflarestorage.com/beam-xfer-test/source/ecx_20_b_gb.bin,https://ef88e61230a7f9cdaa979b6268878856.r2.cloudflarestorage.com/beam-xfer-test/destinations/backup8/studio/100gib-20gib-source-20260719023016-d5.bin,2262.5,2026-07-28 20:49:21.216,2262.5,119,c81cc87e-b007-4f
34aeda10-164d-42,https://ef88e61230a7f9cdaa979b6268878856.r2.cloudflarestorage.com/beam-xfer-test/source/ecx_20_b_gb.bin,https://ef88e61230a7f9cdaa979b6268878856.r2.cloudflarestorage.com/beam-xfer-test/destinations/backup8/studio/100gib-20gib-source-20260719023016-d5.bin,2317.4,2026-07-28 20:49:21.273,2317.4,210,369e4752-ee33-47
e778c394-2261-42,https://ef88e61230a7f9cdaa979b6268878856.r2.cloudflarestorage.com/beam-xfer-test/source/ecx_20_b_gb.bin,https://ef88e61230a7f9cdaa979b6268878856.r2.cloudflarestorage.com/beam-xfer-test/destinations/backup2/studio/100gib-20gib-source-20260719023016-d3.bin,2323.9,2026-07-28 20:49:21.278,2323.9,57,19dad3a0-a642-46
eeb803e6-5d13-4f,https://ef88e61230a7f9cdaa979b6268878856.r2.cloudflarestorage.com/beam-xfer-test/source/ecx_20_b_gb.bin,https://ef88e61230a7f9cdaa979b6268878856.r2.cloudflarestorage.com/beam-xfer-test/destinations/backup/studio/100gib-20gib-source-20260719023016-d2.bin,1262.5,2026-07-28 20:49:21.280,1262.5,457,2a1a84ad-d81a-43
757f381e-dc3f-40,https://ef88e61230a7f9cdaa979b6268878856.r2.cloudflarestorage.com/beam-xfer-test/source/ecx_20_b_gb.bin,https://ef88e61230a7f9cdaa979b6268878856.r2.cloudflarestorage.com/beam-xfer-test/destinations/backup/studio/100gib-20gib-source-20260719023016-d2.bin,2477.9,2026-07-28 20:49:21.431,2477.9,230,8bfed576-e2ae-43
cc08774a-ed4d-41,https://ef88e61230a7f9cdaa979b6268878856.r2.cloudflarestorage.com/beam-xfer-test/source/ecx_20_b_gb.bin,https://ef88e61230a7f9cdaa979b6268878856.r2.cloudflarestorage.com/beam-xfer-test/destinations/backup8/studio/100gib-20gib-source-20260719023016-d5.bin,2780.2,2026-07-28 20:49:21.737,2780.2,135,cf1e87eb-4b37-49
0bbd98ce-9c9a-4f,https://ef88e61230a7f9cdaa979b6268878856.r2.cloudflarestorage.com/beam-xfer-test/source/ecx_20_b_gb.bin,https://ef88e61230a7f9cdaa979b6268878856.r2.cloudflarestorage.com/beam-xfer-test/destinations/primary/studio/100gib-20gib-source-20260719023016-d1.bin,2286.4,2026-07-28 20:49:22.013,2286.4,442,dd0c51ed-797b-48
4a858378-4596-41,https://ef88e61230a7f9cdaa979b6268878856.r2.cloudflarestorage.com/beam-xfer-test/source/ecx_20_b_gb.bin,https://ef88e61230a7f9cdaa979b6268878856.r2.cloudflarestorage.com/beam-xfer-test/destinations/backup2/studio/100gib-20gib-source-20260719023016-d3.bin,4331.4,2026-07-28 20:49:24.057,4331.4,423,e5704161-5ce1-49
acb95b61-bfaa-47,https://ef88e61230a7f9cdaa979b6268878856.r2.cloudflarestorage.com/beam-xfer-test/source/ecx_20_b_gb.bin,https://ef88e61230a7f9cdaa979b6268878856.r2.cloudflarestorage.com/beam-xfer-test/destinations/primary/studio/100gib-20gib-source-20260719023016-d1.bin,1297.2,2026-07-28 20:49:35.241,1297.2,79,c0177f2b-4855-44
54585999-049f-42,https://ef88e61230a7f9cdaa979b6268878856.r2.cloudflarestorage.com/beam-xfer-test/source/ecx_20_b_gb.bin,https://ef88e61230a7f9cdaa979b6268878856.r2.cloudflarestorage.com/beam-xfer-test/destinations/primary/studio/100gib-20gib-source-20260719023016-d1.bin,1231.7,2026-07-28 21:19:21.325,1231.7,36,f3921be6-1989-4c
3f5f0849-4f68-4b,https://ef88e61230a7f9cdaa979b6268878856.r2.cloudflarestorage.com/beam-xfer-test/source/ecx_20_b_gb.bin,https://ef88e61230a7f9cdaa979b6268878856.r2.cloudflarestorage.com/beam-xfer-test/destinations/backup8/studio/100gib-20gib-source-20260719023016-d5.bin,1260.2,2026-07-28 21:19:21.348,1260.2,172,47dfbe94-c148-4b
acf033ca-eeaf-42,https://ef88e61230a7f9cdaa979b6268878856.r2.cloudflarestorage.com/beam-xfer-test/source/ecx_20_b_gb.bin,https://ef88e61230a7f9cdaa979b6268878856.r2.cloudflarestorage.com/beam-xfer-test/destinations/backup3/studio/100gib-20gib-source-20260719023016-d4.bin,1287.0,2026-07-28 21:19:21.372,1287.0,76,b76cb455-30a2-44
7abd699c-e2a0-45,https://ef88e61230a7f9cdaa979b6268878856.r2.cloudflarestorage.com/beam-xfer-test/source/ecx_20_b_gb.bin,https://ef88e61230a7f9cdaa979b6268878856.r2.cloudflarestorage.com/beam-xfer-test/destinations/primary/studio/100gib-20gib-source-20260719023016-d1.bin,1281.1,2026-07-28 21:19:21.373,1281.1,338,f1aabec7-8a75-4a
f6ba0149-0007-4c,https://ef88e61230a7f9cdaa979b6268878856.r2.cloudflarestorage.com/beam-xfer-test/source/ecx_20_b_gb.bin,https://ef88e61230a7f9cdaa979b6268878856.r2.cloudflarestorage.com/beam-xfer-test/destinations/backup2/studio/100gib-20gib-source-20260719023016-d3.bin,1450.2,2026-07-28 21:19:21.536,1450.2,338,640d2568-9404-44
34aeda10-164d-42,https://ef88e61230a7f9cdaa979b6268878856.r2.cloudflarestorage.com/beam-xfer-test/source/ecx_20_b_gb.bin,https://ef88e61230a7f9cdaa979b6268878856.r2.cloudflarestorage.com/beam-xfer-test/destinations/backup3/studio/100gib-20gib-source-20260719023016-d4.bin,1527.5,2026-07-28 21:19:21.621,1527.5,263,542ad49a-578e-46
8190b41a-a59f-4f,https://ef88e61230a7f9cdaa979b6268878856.r2.cloudflarestorage.com/beam-xfer-test/source/ecx_20_b_gb.bin,https://ef88e61230a7f9cdaa979b6268878856.r2.cloudflarestorage.com/beam-xfer-test/destinations/backup2/studio/100gib-20gib-source-20260719023016-d3.bin,1543.3,2026-07-28 21:19:21.632,1543.3,383,ed97e57e-4590-45
0bbd98ce-9c9a-4f,https://ef88e61230a7f9cdaa979b6268878856.r2.cloudflarestorage.com/beam-xfer-test/source/ecx_20_b_gb.bin,https://ef88e61230a7f9cdaa979b6268878856.r2.cloudflarestorage.com/beam-xfer-test/destinations/backup8/studio/100gib-20gib-source-20260719023016-d5.bin,1596.3,2026-07-28 21:19:21.691,1596.3,320,9b8e094e-f89c-4c
35577fec-f011-4d,https://ef88e61230a7f9cdaa979b6268878856.r2.cloudflarestorage.com/beam-xfer-test/source/ecx_20_b_gb.bin,https://ef88e61230a7f9cdaa979b6268878856.r2.cloudflarestorage.com/beam-xfer-test/destinations/primary/studio/100gib-20gib-source-20260719023016-d1.bin,1713.3,2026-07-28 21:19:21.796,1713.3,275,8b3ab58a-5e63-44
44771ea8-f706-4c,https://ef88e61230a7f9cdaa979b6268878856.r2.cloudflarestorage.com/beam-xfer-test/source/ecx_20_b_gb.bin,https://ef88e61230a7f9cdaa979b6268878856.r2.cloudflarestorage.com/beam-xfer-test/destinations/backup/studio/100gib-20gib-source-20260719023016-d2.bin,1724.3,2026-07-28 21:19:21.809,1724.3,7,f4be0419-d90c-44
eeb803e6-5d13-4f,https://ef88e61230a7f9cdaa979b6268878856.r2.cloudflarestorage.com/beam-xfer-test/source/ecx_20_b_gb.bin,https://ef88e61230a7f9cdaa979b6268878856.r2.cloudflarestorage.com/beam-xfer-test/destinations/backup3/studio/100gib-20gib-source-20260719023016-d4.bin,1725.3,2026-07-28 21:19:21.814,1725.3,121,fcf015c4-943e-4a
acb95b61-bfaa-47,https://ef88e61230a7f9cdaa979b6268878856.r2.cloudflarestorage.com/beam-xfer-test/source/ecx_20_b_gb.bin,https://ef88e61230a7f9cdaa979b6268878856.r2.cloudflarestorage.com/beam-xfer-test/destinations/backup2/studio/100gib-20gib-source-20260719023016-d3.bin,1829.3,2026-07-28 21:19:21.911,1829.3,0,f372157a-af55-43
e778c394-2261-42,https://ef88e61230a7f9cdaa979b6268878856.r2.cloudflarestorage.com/beam-xfer-test/source/ecx_20_b_gb.bin,https://ef88e61230a7f9cdaa979b6268878856.r2.cloudflarestorage.com/beam-xfer-test/destinations/backup8/studio/100gib-20gib-source-20260719023016-d5.bin,2015.0,2026-07-28 21:19:22.107,2015.0,62,8bd05dad-9985-4f
e4f5d18d-cb07-4b,https://ef88e61230a7f9cdaa979b6268878856.r2.cloudflarestorage.com/beam-xfer-test/source/ecx_20_b_gb.bin,https://ef88e61230a7f9cdaa979b6268878856.r2.cloudflarestorage.com/beam-xfer-test/destinations/backup8/studio/100gib-20gib-source-20260719023016-d5.bin,2278.7,2026-07-28 21:19:22.363,2278.7,65,2ab36e8a-62c8-48
4a858378-4596-41,https://ef88e61230a7f9cdaa979b6268878856.r2.cloudflarestorage.com/beam-xfer-test/source/ecx_20_b_gb.bin,https://ef88e61230a7f9cdaa979b6268878856.r2.cloudflarestorage.com/beam-xfer-test/destinations/primary/studio/100gib-20gib-source-20260719023016-d1.bin,1449.8,2026-07-28 21:19:22.577,1449.8,432,82a0e06a-2f7c-4a
acf033ca-eeaf-42,https://ef88e61230a7f9cdaa979b6268878856.r2.cloudflarestorage.com/beam-xfer-test/source/ecx_20_b_gb.bin,https://ef88e61230a7f9cdaa979b6268878856.r2.cloudflarestorage.com/beam-xfer-test/destinations/backup8/studio/100gib-20gib-source-20260719023016-d5.bin,1383.9,2026-07-28 21:19:22.759,1383.9,1134,0ade0b00-e390-49
9167460c-b3ef-43,https://ef88e61230a7f9cdaa979b6268878856.r2.cloudflarestorage.com/beam-xfer-test/source/ecx_20_b_gb.bin,https://ef88e61230a7f9cdaa979b6268878856.r2.cloudflarestorage.com/beam-xfer-test/destinations/backup2/studio/100gib-20gib-source-20260719023016-d3.bin,2719.7,2026-07-28 21:19:22.807,2719.7,165,e5c32ac7-7ec2-40
757f381e-dc3f-40,https://ef88e61230a7f9cdaa979b6268878856.r2.cloudflarestorage.com/beam-xfer-test/source/ecx_20_b_gb.bin,https://ef88e61230a7f9cdaa979b6268878856.r2.cloudflarestorage.com/beam-xfer-test/destinations/backup3/studio/100gib-20gib-source-20260719023016-d4.bin,2863.8,2026-07-28 21:19:22.954,2863.8,231,55292026-8b78-48
bfae6c43-fd63-4f,https://ef88e61230a7f9cdaa979b6268878856.r2.cloudflarestorage.com/beam-xfer-test/source/ecx_20_b_gb.bin,https://ef88e61230a7f9cdaa979b6268878856.r2.cloudflarestorage.com/beam-xfer-test/destinations/backup2/studio/100gib-20gib-source-20260719023016-d3.bin,2966.0,2026-07-28 21:19:23.053,2966.0,360,8d6c40f5-a7d4-42
cc08774a-ed4d-41,https://ef88e61230a7f9cdaa979b6268878856.r2.cloudflarestorage.com/beam-xfer-test/source/ecx_20_b_gb.bin,https://ef88e61230a7f9cdaa979b6268878856.r2.cloudflarestorage.com/beam-xfer-test/destinations/primary/studio/100gib-20gib-source-20260719023016-d1.bin,3058.9,2026-07-28 21:19:23.153,3058.9,155,6d5c43a1-6f24-49
3f5f0849-4f68-4b,https://ef88e61230a7f9cdaa979b6268878856.r2.cloudflarestorage.com/beam-xfer-test/source/ecx_20_b_gb.bin,https://ef88e61230a7f9cdaa979b6268878856.r2.cloudflarestorage.com/beam-xfer-test/destinations/backup/studio/100gib-20gib-source-20260719023016-d2.bin,1890.6,2026-07-28 21:19:23.241,1890.6,451,242d7232-8fea-48
54585999-049f-42,https://ef88e61230a7f9cdaa979b6268878856.r2.cloudflarestorage.com/beam-xfer-test/source/ecx_20_b_gb.bin,https://ef88e61230a7f9cdaa979b6268878856.r2.cloudflarestorage.com/beam-xfer-test/destinations/backup/studio/100gib-20gib-source-20260719023016-d2.bin,2196.3,2026-07-28 21:19:23.525,2196.3,421,415eb414-6845-47
f02e6fae-e0dc-48,https://ef88e61230a7f9cdaa979b6268878856.r2.cloudflarestorage.com/beam-xfer-test/source/ecx_20_b_gb.bin,https://ef88e61230a7f9cdaa979b6268878856.r2.cloudflarestorage.com/beam-xfer-test/destinations/primary/studio/100gib-20gib-source-20260719023016-d1.bin,5379.7,2026-07-28 21:19:25.472,5379.7,157,01151c94-f8c3-40
35577fec-f011-4d,https://ef88e61230a7f9cdaa979b6268878856.r2.cloudflarestorage.com/beam-xfer-test/source/ecx_20_b_gb.bin,https://ef88e61230a7f9cdaa979b6268878856.r2.cloudflarestorage.com/beam-xfer-test/destinations/backup/studio/100gib-20gib-source-20260719023016-d2.bin,1263.7,2026-07-28 21:19:37.341,1263.7,482,ff32d958-722d-4c
acb95b61-bfaa-47,https://ef88e61230a7f9cdaa979b6268878856.r2.cloudflarestorage.com/beam-xfer-test/source/ecx_20_b_gb.bin,https://ef88e61230a7f9cdaa979b6268878856.r2.cloudflarestorage.com/beam-xfer-test/destinations/backup/studio/100gib-20gib-source-20260719023016-d2.bin,2733.1,2026-07-28 21:19:37.819,2733.1,340,9d80c338-ea96-4d
bfae6c43-fd63-4f,https://ef88e61230a7f9cdaa979b6268878856.r2.cloudflarestorage.com/beam-xfer-test/source/ecx_20_b_gb.bin,https://ef88e61230a7f9cdaa979b6268878856.r2.cloudflarestorage.com/beam-xfer-test/destinations/primary/studio/100gib-20gib-source-20260719023016-d1.bin,1115.1,2026-07-28 21:49:21.804,1115.1,149,41b31b90-a405-4f
3f5f0849-4f68-4b,https://ef88e61230a7f9cdaa979b6268878856.r2.cloudflarestorage.com/beam-xfer-test/source/ecx_20_b_gb.bin,https://ef88e61230a7f9cdaa979b6268878856.r2.cloudflarestorage.com/beam-xfer-test/destinations/backup8/studio/100gib-20gib-source-20260719023016-d5.bin,1220.4,2026-07-28 21:49:21.906,1220.4,119,214af310-c752-4d
35577fec-f011-4d,https://ef88e61230a7f9cdaa979b6268878856.r2.cloudflarestorage.com/beam-xfer-test/source/ecx_20_b_gb.bin,https://ef88e61230a7f9cdaa979b6268878856.r2.cloudflarestorage.com/beam-xfer-test/destinations/primary/studio/100gib-20gib-source-20260719023016-d1.bin,1235.4,2026-07-28 21:49:21.917,1235.4,70,deff942f-0b71-4f
f6ba0149-0007-4c,https://ef88e61230a7f9cdaa979b6268878856.r2.cloudflarestorage.com/beam-xfer-test/source/ecx_20_b_gb.bin,https://ef88e61230a7f9cdaa979b6268878856.r2.cloudflarestorage.com/beam-xfer-test/destinations/backup3/studio/100gib-20gib-source-20260719023016-d4.bin,1235.3,2026-07-28 21:49:21.918,1235.3,36,68a7536f-9815-4e
7abd699c-e2a0-45,https://ef88e61230a7f9cdaa979b6268878856.r2.cloudflarestorage.com/beam-xfer-test/source/ecx_20_b_gb.bin,https://ef88e61230a7f9cdaa979b6268878856.r2.cloudflarestorage.com/beam-xfer-test/destinations/backup3/studio/100gib-20gib-source-20260719023016-d4.bin,1243.6,2026-07-28 21:49:21.932,1243.6,356,b125091b-2611-48
757f381e-dc3f-40,https://ef88e61230a7f9cdaa979b6268878856.r2.cloudflarestorage.com/beam-xfer-test/source/ecx_20_b_gb.bin,https://ef88e61230a7f9cdaa979b6268878856.r2.cloudflarestorage.com/beam-xfer-test/destinations/backup8/studio/100gib-20gib-source-20260719023016-d5.bin,1381.1,2026-07-28 21:49:22.071,1381.1,197,c56c8808-6d8d-4e
f02e6fae-e0dc-48,https://ef88e61230a7f9cdaa979b6268878856.r2.cloudflarestorage.com/beam-xfer-test/source/ecx_20_b_gb.bin,https://ef88e61230a7f9cdaa979b6268878856.r2.cloudflarestorage.com/beam-xfer-test/destinations/backup8/studio/100gib-20gib-source-20260719023016-d5.bin,1383.5,2026-07-28 21:49:22.076,1383.5,368,c9e44fdd-6fef-4e
acb95b61-bfaa-47,https://ef88e61230a7f9cdaa979b6268878856.r2.cloudflarestorage.com/beam-xfer-test/source/ecx_20_b_gb.bin,https://ef88e61230a7f9cdaa979b6268878856.r2.cloudflarestorage.com/beam-xfer-test/destinations/backup/studio/100gib-20gib-source-20260719023016-d2.bin,1401.9,2026-07-28 21:49:22.083,1401.9,366,9658e2a1-cc94-41
acf033ca-eeaf-42,https://ef88e61230a7f9cdaa979b6268878856.r2.cloudflarestorage.com/beam-xfer-test/source/ecx_20_b_gb.bin,https://ef88e61230a7f9cdaa979b6268878856.r2.cloudflarestorage.com/beam-xfer-test/destinations/backup/studio/100gib-20gib-source-20260719023016-d2.bin,1441.7,2026-07-28 21:49:22.126,1441.7,135,c88a50a4-f0d7-41
9167460c-b3ef-43,https://ef88e61230a7f9cdaa979b6268878856.r2.cloudflarestorage.com/beam-xfer-test/source/ecx_20_b_gb.bin,https://ef88e61230a7f9cdaa979b6268878856.r2.cloudflarestorage.com/beam-xfer-test/destinations/backup/studio/100gib-20gib-source-20260719023016-d2.bin,1518.8,2026-07-28 21:49:22.206,1518.8,155,c5e01425-e993-41
54585999-049f-42,https://ef88e61230a7f9cdaa979b6268878856.r2.cloudflarestorage.com/beam-xfer-test/source/ecx_20_b_gb.bin,https://ef88e61230a7f9cdaa979b6268878856.r2.cloudflarestorage.com/beam-xfer-test/destinations/backup/studio/100gib-20gib-source-20260719023016-d2.bin,1516.2,2026-07-28 21:49:22.207,1516.2,52,778bdeca-4bd9-4e
34aeda10-164d-42,https://ef88e61230a7f9cdaa979b6268878856.r2.cloudflarestorage.com/beam-xfer-test/source/ecx_20_b_gb.bin,https://ef88e61230a7f9cdaa979b6268878856.r2.cloudflarestorage.com/beam-xfer-test/destinations/backup3/studio/100gib-20gib-source-20260719023016-d4.bin,1633.7,2026-07-28 21:49:22.324,1633.7,188,0ad10db2-a6a3-48
8190b41a-a59f-4f,https://ef88e61230a7f9cdaa979b6268878856.r2.cloudflarestorage.com/beam-xfer-test/source/ecx_20_b_gb.bin,https://ef88e61230a7f9cdaa979b6268878856.r2.cloudflarestorage.com/beam-xfer-test/destinations/backup2/studio/100gib-20gib-source-20260719023016-d3.bin,1860.3,2026-07-28 21:49:22.547,1860.3,105,bd5df7c8-482e-47
e778c394-2261-42,https://ef88e61230a7f9cdaa979b6268878856.r2.cloudflarestorage.com/beam-xfer-test/source/ecx_20_b_gb.bin,https://ef88e61230a7f9cdaa979b6268878856.r2.cloudflarestorage.com/beam-xfer-test/destinations/primary/studio/100gib-20gib-source-20260719023016-d1.bin,1860.6,2026-07-28 21:49:22.551,1860.6,40,0b7547e4-1d97-4d
eeb803e6-5d13-4f,https://ef88e61230a7f9cdaa979b6268878856.r2.cloudflarestorage.com/beam-xfer-test/source/ecx_20_b_gb.bin,https://ef88e61230a7f9cdaa979b6268878856.r2.cloudflarestorage.com/beam-xfer-test/destinations/primary/studio/100gib-20gib-source-20260719023016-d1.bin,1938.3,2026-07-28 21:49:22.626,1938.3,391,1f5545c6-6b8d-4b
0bbd98ce-9c9a-4f,https://ef88e61230a7f9cdaa979b6268878856.r2.cloudflarestorage.com/beam-xfer-test/source/ecx_20_b_gb.bin,https://ef88e61230a7f9cdaa979b6268878856.r2.cloudflarestorage.com/beam-xfer-test/destinations/backup/studio/100gib-20gib-source-20260719023016-d2.bin,2009.9,2026-07-28 21:49:22.702,2009.9,282,857c7c17-9689-44
cc08774a-ed4d-41,https://ef88e61230a7f9cdaa979b6268878856.r2.cloudflarestorage.com/beam-xfer-test/source/ecx_20_b_gb.bin,https://ef88e61230a7f9cdaa979b6268878856.r2.cloudflarestorage.com/beam-xfer-test/destinations/backup8/studio/100gib-20gib-source-20260719023016-d5.bin,1180.0,2026-07-28 21:49:22.777,1180.0,486,5fd8577d-f504-4b
bfae6c43-fd63-4f,https://ef88e61230a7f9cdaa979b6268878856.r2.cloudflarestorage.com/beam-xfer-test/source/ecx_20_b_gb.bin,https://ef88e61230a7f9cdaa979b6268878856.r2.cloudflarestorage.com/beam-xfer-test/destinations/backup8/studio/100gib-20gib-source-20260719023016-d5.bin,1078.2,2026-07-28 21:49:22.886,1078.2,491,bd1e8bc2-387d-4c
3f5f0849-4f68-4b,https://ef88e61230a7f9cdaa979b6268878856.r2.cloudflarestorage.com/beam-xfer-test/source/ecx_20_b_gb.bin,https://ef88e61230a7f9cdaa979b6268878856.r2.cloudflarestorage.com/beam-xfer-test/destinations/backup/studio/100gib-20gib-source-20260719023016-d2.bin,1121.1,2026-07-28 21:49:23.030,1121.1,416,1173bf78-0967-41
e4f5d18d-cb07-4b,https://ef88e61230a7f9cdaa979b6268878856.r2.cloudflarestorage.com/beam-xfer-test/source/ecx_20_b_gb.bin,https://ef88e61230a7f9cdaa979b6268878856.r2.cloudflarestorage.com/beam-xfer-test/destinations/backup/studio/100gib-20gib-source-20260719023016-d2.bin,2887.3,2026-07-28 21:49:23.572,2887.3,214,14274c08-d8b8-45
4a858378-4596-41,https://ef88e61230a7f9cdaa979b6268878856.r2.cloudflarestorage.com/beam-xfer-test/source/ecx_20_b_gb.bin,https://ef88e61230a7f9cdaa979b6268878856.r2.cloudflarestorage.com/beam-xfer-test/destinations/backup8/studio/100gib-20gib-source-20260719023016-d5.bin,2922.7,2026-07-28 21:49:24.521,2922.7,490,07967ee6-8fe3-48
44771ea8-f706-4c,https://ef88e61230a7f9cdaa979b6268878856.r2.cloudflarestorage.com/beam-xfer-test/source/ecx_20_b_gb.bin,https://ef88e61230a7f9cdaa979b6268878856.r2.cloudflarestorage.com/beam-xfer-test/destinations/backup3/studio/100gib-20gib-source-20260719023016-d4.bin,4501.1,2026-07-28 21:49:25.185,4501.1,391,8ea89f89-1624-4a
acb95b61-bfaa-47,https://ef88e61230a7f9cdaa979b6268878856.r2.cloudflarestorage.com/beam-xfer-test/source/ecx_20_b_gb.bin,https://ef88e61230a7f9cdaa979b6268878856.r2.cloudflarestorage.com/beam-xfer-test/destinations/backup8/studio/100gib-20gib-source-20260719023016-d5.bin,2732.1,2026-07-28 21:49:38.426,2732.1,238,0b747d2b-34a0-43
